longitude_metair,latitude_metair
60.6054546,56.8237058
60.6029211,56.8284125
60.6162452,56.8268075
60.6047485,56.8291477
60.6131032,56.8277037
60.6050959,56.8244288
60.6157004,56.8253766
60.6114219,56.8251189
60.6077036,56.8289863
60.6049750,56.8256240
60.6132244,56.8268536
60.6062911,56.8307522
60.6137094,56.8270515
60.6122305,56.8253832
60.6073391,56.8245955
60.6128587,56.8266884
60.6105218,56.8286912
60.6120052,56.8278779
60.6161289,56.8281609
60.6091683,56.8249783
60.6135529,56.8317614
60.6160720,56.8334289
60.6171471,56.8352938
60.6170982,56.8302848
60.6176963,56.8358841
60.6136034,56.8335404
60.6204802,56.8351205
60.6255338,56.8323456
60.6182204,56.8365514
60.6211693,56.8314500
60.6133296,56.8319481
60.6138121,56.8316862
60.6207513,56.8357919
60.6261931,56.8325042
60.6135781,56.8354308
60.6186202,56.8353408
60.6187520,56.8365548
60.6232641,56.8368809
60.6150667,56.8340780
60.6220007,56.8383549
60.5910829,56.8327736
60.5843064,56.8373858
60.5829287,56.8304036
60.5864058,56.8293770
60.5808993,56.8305300
60.5859346,56.8362898
60.5921434,56.8345757
60.5844863,56.8338895
60.5819033,56.8357124
60.5780186,56.8346749
60.5863070,56.8362726
60.5886693,56.8312734
60.5857365,56.8320886
60.5835862,56.8366843
60.5881210,56.8301735
60.5868350,56.8298951
60.5815275,56.8372697
60.5868089,56.8293925
60.5857138,56.8292524
60.5843623,56.8331594
60.5680687,56.8335479
60.5741180,56.8270907
60.5734891,56.8283332
60.5777068,56.8275965
60.5702108,56.8266690
60.5673416,56.8320250
60.5760102,56.8282129
60.5733874,56.8313422
60.5654358,56.8294021
60.5794965,56.8312687
60.5725743,56.8284594
60.5694139,56.8265248
60.5787144,56.8316554
60.5655322,56.8300956
60.5733336,56.8303552
60.5704397,56.8309754
60.5691265,56.8333734
60.5773936,56.8274700
60.5674603,56.8290231
60.5748043,56.8271866
60.5707983,56.8137000
60.5617074,56.8117000
60.5717502,56.8115432
60.5625301,56.8159049
60.5697905,56.8103498
60.5698272,56.8103147
60.5668777,56.8164499
60.5649519,56.8117441
60.5646998,56.8137216
60.5634705,56.8172261
60.5679495,56.8158617
60.5640491,56.8163788
60.5727545,56.8167016
60.5749639,56.8156395
60.5736974,56.8125027
60.5756745,56.8132855
60.5647430,56.8172650
60.5719746,56.8120194
60.5619853,56.8113837
60.5675132,56.8188363
60.5808741,56.8187343
60.5733865,56.8251665
60.5810073,56.8216608
60.5811284,56.8196149
60.5804774,56.8219531
60.5767732,56.8226007
60.5747543,56.8209892
60.5683307,56.8225575
60.5762204,56.8200766
60.5769879,56.8170630
60.5726787,56.8231960
60.5754868,56.8215892
60.5794313,56.8191726
60.5777979,56.8221172
60.5810388,56.8185251
60.5687550,56.8196430
60.5702726,56.8186828
60.5795701,56.8245983
60.5765292,56.8188048
60.5760587,56.8181213
60.5792996,56.8265401
60.5820948,56.8272506
60.5821479,56.8242401
60.5883220,56.8264513
60.5878689,56.8223681
60.5837816,56.8206811
60.5841732,56.8224565
60.5825530,56.8242203
60.5867661,56.8231868
60.5901668,56.8266044
60.5820925,56.8210633
60.5853269,56.8258937
60.5838626,56.8241194
60.5862054,56.8252138
60.5883097,56.8245295
60.5905307,56.8225066
60.5829368,56.8250679
60.5874714,56.8277312
60.5866691,56.8278219
60.5817349,56.8213272
60.5945944,56.8230320
60.5936976,56.8291897
60.5921791,56.8296644
60.5969780,56.8270621
60.5935784,56.8248728
60.5957364,56.8212930
60.6009580,56.8272735
60.5944655,56.8287628
60.5939570,56.8248675
60.5999676,56.8288698
60.5927063,56.8226422
60.5974540,56.8290897
60.5973753,56.8228144
60.5894031,56.8245483
60.5921251,56.8243554
60.6032218,56.8247345
60.5909031,56.8227877
60.5993083,56.8235811
60.6022805,56.8264183
60.5912394,56.8288590
60.5874387,56.8189320
60.5991360,56.8192201
60.5945866,56.8136761
60.5873858,56.8183371
60.5896282,56.8217766
60.5954166,56.8171025
60.5920833,56.8143789
60.5892088,56.8212941
60.5894271,56.8194750
60.5892243,56.8182793
60.5941472,56.8207672
60.5948639,56.8137719
60.5912288,56.8163319
60.5986663,56.8176534
60.5962650,56.8179751
60.5911205,56.8186187
60.5983160,56.8201766
60.5956624,56.8182346
60.5988039,56.8180062
60.5920496,56.8217032
60.5852164,56.8108182
60.5870243,56.8122812
60.5827403,56.8107002
60.5825421,56.8117757
60.5855382,56.8171014
60.5835356,56.8092719
60.5911541,56.8131489
60.5855377,56.8125606
60.5902698,56.8129519
60.5819585,56.8138871
60.5899276,56.8164048
60.5790309,56.8166201
60.5919922,56.8120294
60.5863197,56.8164681
60.5897681,56.8135067
60.5918130,56.8136312
60.5861199,56.8177632
60.5847256,56.8154228
60.5809242,56.8123293
60.5798662,56.8150642
60.6042397,56.8120226
60.6047949,56.8099138
60.5997372,56.8129876
60.6089381,56.8133975
60.6044891,56.8102632
60.6069707,56.8175534
60.5973731,56.8121669
60.5983552,56.8120031
60.6070009,56.8102561
60.6082171,56.8141033
60.6053656,56.8166772
60.6000413,56.8155144
60.6055348,56.8167649
60.5993948,56.8172261
60.6051781,56.8123372
60.6024584,56.8167061
60.6048097,56.8113469
60.6028668,56.8180218
60.6066139,56.8157752
60.6096607,56.8153144
60.6137032,56.8158702
60.6102497,56.8181271
60.6131014,56.8218781
60.6115736,56.8177864
60.6118965,56.8173652
60.6094943,56.8177470
60.6024373,56.8191349
60.6112243,56.8217062
60.6113222,56.8236922
60.6127093,56.8188707
60.6113974,56.8181651
60.6092158,56.8184170
60.6103919,56.8154032
60.6069693,56.8161206
60.6022355,56.8202327
60.6062534,56.8180837
60.6070209,56.8212776
60.6074673,56.8156444
60.6061109,56.8204895
60.6129836,56.8197243
60.6222612,56.8127605
60.6195768,56.8119090
60.6116810,56.8171217
60.6198554,56.8117912
60.6098129,56.8151410
60.6198094,56.8116644
60.6113029,56.8156598
60.6185937,56.8113752
60.6145396,56.8138048
60.6204225,56.8127890
60.6184563,56.8152606
60.6165974,56.8156988
60.6178846,56.8116586
60.6223425,56.8118839
60.6121119,56.8132220
60.6176532,56.8129734
60.6138565,56.8140593
60.6164343,56.8124654
60.6113927,56.8164603
60.6218766,56.8156462
60.5926679,56.8118000
60.6028046,56.8066573
60.5912356,56.8116783
60.5991738,56.8123961
60.5972249,56.8057968
60.5988108,56.8075921
60.5943257,56.8044480
60.5939682,56.8120837
60.5934658,56.8070281
60.5970175,56.8120191
60.6004652,56.8092679
60.5959408,56.8051274
60.5908904,56.8078419
60.5978781,56.8125880
60.6001666,56.8093384
60.5987620,56.8047692
60.5967009,56.8094975
60.6001188,56.8061204
60.5966067,56.8055412
60.6015638,56.8121722
60.5861746,56.8044283
60.5874424,56.8107009
60.5899149,56.8054647
60.5869483,56.8067937
60.5802717,56.8057372
60.5884894,56.8062310
60.5814927,56.8076829
60.5830412,56.8028814
60.5892789,56.8040000
60.5884361,56.8041006
60.5762591,56.8069336
60.5787626,56.8054783
60.5817353,56.8088886
60.5828566,56.8051930
60.5831023,56.8111762
60.5803224,56.8073322
60.5767410,56.8088457
60.5918308,56.8069750
60.5816921,56.8062708
60.5791461,56.8077362
60.5640043,56.8066513
60.5711387,56.8100401
60.5652775,56.8081441
60.5676095,56.8028847
60.5692832,56.8061175
60.5667634,56.8094814
60.5711884,56.8078572
60.5728375,56.8102095
60.5721490,56.8069706
60.5700584,56.8109845
60.5722684,56.8024075
60.5714519,56.8057575
60.5704528,56.8066337
60.5733361,56.8039982
60.5682060,56.8048828
60.5655730,56.8068560
60.5711885,56.8070897
60.5729091,56.8047231
60.5648799,56.8049529
60.5766804,56.8068313
60.5354625,56.8274172
60.5364187,56.8338983
60.5406166,56.8292548
60.5309388,56.8324476
60.5399434,56.8288773
60.5308460,56.8285005
60.5378396,56.8274856
60.5387740,56.8329595
60.5348083,56.8281536
60.5430826,56.8315684
60.5311971,56.8298968
60.5298952,56.8298448
60.5413518,56.8308772
60.5439767,56.8297357
60.5327580,56.8292940
60.5339300,56.8284328
60.5365094,56.8274298
60.5388739,56.8343699
60.5311028,56.8282034
60.5328231,56.8295364
60.5576894,56.8362141
60.5468353,56.8347670
60.5539001,56.8384809
60.5527766,56.8364854
60.5566213,56.8320031
60.5585599,56.8351519
60.5543396,56.8305410
60.5480447,56.8310290
60.5457475,56.8321423
60.5541290,56.8378320
60.5520866,56.8321476
60.5507285,56.8377303
60.5509079,56.8364796
60.5460055,56.8321996
60.5497308,56.8307280
60.5572527,56.8337568
60.5552282,56.8340934
60.5496018,56.8386147
60.5578455,56.8356233
60.5575295,56.8375410
60.5523299,56.8229069
60.5420283,56.8218698
60.5413550,56.8197091
60.5440412,56.8211063
60.5454753,56.8177153
60.5514488,56.8225962
60.5457479,56.8256110
60.5424108,56.8207235
60.5445904,56.8258633
60.5477188,56.8196258
60.5472935,56.8196942
60.5458223,56.8221967
60.5430471,56.8214777
60.5475962,56.8176422
60.5472208,56.8216376
60.5544113,56.8218581
60.5432030,56.8190606
60.5400138,56.8233805
60.5511572,56.8247860
60.5463504,56.8247555
60.5320937,56.8166106
60.5325334,56.8148120
60.5322895,56.8202494
60.5390042,56.8197147
60.5366885,56.8203969
60.5366316,56.8184210
60.5359307,56.8208147
60.5435274,56.8192298
60.5332600,56.8218140
60.5386116,56.8171315
60.5328266,56.8190463
60.5363516,56.8176166
60.5337297,56.8201340
60.5423884,56.8204757
60.5329311,56.8205048
60.5346142,56.8143446
60.5363849,56.8146484
60.5423063,56.8163059
60.5321387,56.8191754
60.5367963,56.8198869
60.5394298,56.8094100
60.5381519,56.8130327
60.5476254,56.8085072
60.5430568,56.8067329
60.5470055,56.8060633
60.5379311,56.8118492
60.5419895,56.8142446
60.5415532,56.8085786
60.5395217,56.8078712
60.5511513,56.8108406
60.5384999,56.8102975
60.5500154,56.8100796
60.5427266,56.8103527
60.5402268,56.8101896
60.5456767,56.8128754
60.5471700,56.8138090
60.5446600,56.8088560
60.5470070,56.8137554
60.5488060,56.8085154
60.5420611,56.8109360
60.5609957,56.8183931
60.5553072,56.8150974
60.5463042,56.8161237
60.5552325,56.8155036
60.5600626,56.8151252
60.5488091,56.8165845
60.5530795,56.8131160
60.5555966,56.8135192
60.5544981,56.8158189
60.5543523,56.8185313
60.5530793,56.8182083
60.5496611,56.8185475
60.5493776,56.8162545
60.5474911,56.8144896
60.5525507,56.8122077
60.5510739,56.8165010
60.5514623,56.8180300
60.5560121,56.8182611
60.5591293,56.8148897
60.5482072,56.8177972
60.5635283,56.8264771
60.5637578,56.8257353
60.5625907,56.8251177
60.5541367,56.8257359
60.5606267,56.8228410
60.5618185,56.8267311
60.5521232,56.8238661
60.5655626,56.8262585
60.5569514,56.8220389
60.5649879,56.8255352
60.5535454,56.8252139
60.5651517,56.8219339
60.5590383,56.8237098
60.5637078,56.8279063
60.5598619,56.8263443
60.5678019,56.8249656
60.5572659,56.8229661
60.5589362,56.8224355
60.5589720,56.8260307
60.5657931,56.8210925
60.5560967,56.8321695
60.5599018,56.8312086
60.5541268,56.8338450
60.5576082,56.8318477
60.5567924,56.8341129
60.5586882,56.8268541
60.5586369,56.8304033
60.5601154,56.8318657
60.5546763,56.8274457
60.5592686,56.8269110
60.5523850,56.8318228
60.5549540,56.8295690
60.5571165,56.8291436
60.5610170,56.8288732
60.5549040,56.8329748
60.5618035,56.8306799
60.5588898,56.8338573
60.5552833,56.8285270
60.5619316,56.8293330
60.5518067,56.8297017
60.5399864,56.8254002
60.5368072,56.8307904
60.5293138,56.8286542
60.5351284,56.8295600
60.5382751,56.8272477
60.5362695,56.8305622
60.5438555,56.8253307
60.5408866,56.8267470
60.5330998,56.8282878
60.5420025,56.8298070
60.5302409,56.8254883
60.5325589,56.8236090
60.5340080,56.8288730
60.5350820,56.8242438
60.5429993,56.8290615
60.5419750,56.8281360
60.5410997,56.8241368
60.5350581,56.8293734
60.5304699,56.8246125
60.5368193,56.8279806
60.5488351,56.8249967
60.5474980,56.8322521
60.5533018,56.8325469
60.5458170,56.8304776
60.5540656,56.8288254
60.5418069,56.8314334
60.5429808,56.8287793
60.5470962,56.8304790
60.5486198,56.8329813
60.5442973,56.8281360
60.5471247,56.8266792
60.5472587,56.8261595
60.5426416,56.8310691
60.5522058,56.8309182
60.5455114,56.8329000
60.5514699,56.8270172
60.5503937,56.8270204
60.5506446,56.8286218
60.5434578,56.8273786
60.5489745,56.8305511
60.5489138,56.8078453
60.5574570,56.8029990
60.5527400,56.8096171
60.5581665,56.8092964
60.5613687,56.8076594
60.5473602,56.8072204
60.5510362,56.8067014
60.5564753,56.8021319
60.5578105,56.8071406
60.5608538,56.8033686
60.5541162,56.8057785
60.5587625,56.8038185
60.5538894,56.8079250
60.5500850,56.8081586
60.5522291,56.8062387
60.5558261,56.8090927
60.5561069,56.8037499
60.5549410,56.8045342
60.5613279,56.8044332
60.5511097,56.8041625
60.6184436,56.8065733
60.6040609,56.8057405
60.6083875,56.8032707
60.6113128,56.8032613
60.6130435,56.8092936
60.6112912,56.8072591
60.6105971,56.8056676
60.6082202,56.8076841
60.6173537,56.8046543
60.6139930,56.8045383
60.6077763,56.8046042
60.6143246,56.8053526
60.6092605,56.8048388
60.6055920,56.8080064
60.6054641,56.8064748
60.6085062,56.8066982
60.6167061,56.8051461
60.6091890,56.8032090
60.6108172,56.8064859
60.6073869,56.8052442
60.6212945,56.8069922
60.6254062,56.8112427
60.6271450,56.8071049
60.6313515,56.8110069
60.6304887,56.8081568
60.6167619,56.8108711
60.6219482,56.8111697
60.6292640,56.8097099
60.6198713,56.8112777
60.6286280,56.8101674
60.6246668,56.8149729
60.6221797,56.8096262
60.6232944,56.8114059
60.6192444,56.8085703
60.6201352,56.8137244
60.6216937,56.8105079
60.6290649,56.8088826
60.6231446,56.8151874
60.6300378,56.8135174
60.6307831,56.8133384
60.6273748,56.8187915
60.6225712,56.8209118
60.6223994,56.8239155
60.6253969,56.8186446
60.6324943,56.8194227
60.6297766,56.8226484
60.6240769,56.8200890
60.6266073,56.8205434
60.6247212,56.8209054
60.6206039,56.8170392
60.6258039,56.8247663
60.6190455,56.8180540
60.6221715,56.8196816
60.6178007,56.8228654
60.6210023,56.8217474
60.6236952,56.8246423
60.6170688,56.8221078
60.6248408,56.8244461
60.6226299,56.8191092
60.6281233,56.8194050
60.6316236,56.8311302
60.6317165,56.8289334
60.6252694,56.8282420
60.6283778,56.8299771
60.6185128,56.8325095
60.6281256,56.8320271
60.6269006,56.8316383
60.6212646,56.8319370
60.6185281,56.8323711
60.6232334,56.8283564
60.6258858,56.8288985
60.6234333,56.8275610
60.6279676,56.8296094
60.6292057,56.8279460
60.6281204,56.8301588
60.6225071,56.8325283
60.6267719,56.8283320
60.6272367,56.8288204
60.6189612,56.8287590
60.6196664,56.8306761
60.5999263,56.8352202
60.6025013,56.8327723
60.5980608,56.8317712
60.5969516,56.8372526
60.5957721,56.8322988
60.5998814,56.8347226
60.5956857,56.8340724
60.5965871,56.8341858
60.5993177,56.8322382
60.5971298,56.8367792
60.5996032,56.8375443
60.5974839,56.8354595
60.5948522,56.8377430
60.6015839,56.8348053
60.5972012,56.8326421
60.5963720,56.8375552
60.5984340,56.8330708
60.6006589,56.8363930
60.5926228,56.8356644
60.5960761,56.8338168
60.5676455,56.8415316
60.5762450,56.8392850
60.5653010,56.8375541
60.5706045,56.8364765
60.5713799,56.8405989
60.5645277,56.8401710
60.5643411,56.8386268
60.5759137,56.8394452
60.5712749,56.8377991
60.5644607,56.8399355
60.5667506,56.8385916
60.5782132,56.8380689
60.5745441,56.8417705
60.5662775,56.8403506
60.5657082,56.8395573
60.5656225,56.8406425
60.5640343,56.8393657
60.5687100,56.8386117
60.5720362,56.8428481
60.5663679,56.8411210
60.5656808,56.8476352
60.5597999,56.8430374
60.5586576,56.8474968
60.5596112,56.8445817
60.5657026,56.8473138
60.5628658,56.8465308
60.5558534,56.8451875
60.5561939,56.8439239
60.5566397,56.8429768
60.5526561,56.8461215
60.5664911,56.8433551
60.5597719,56.8411871
60.5628431,56.8423013
60.5627457,56.8493977
60.5625041,56.8488881
60.5580583,56.8418635
60.5607284,56.8479824
60.5598337,56.8453800
60.5680333,56.8453989
60.5588720,56.8420437
60.5809801,56.8489981
60.5806472,56.8537001
60.5684306,56.8496351
60.5770714,56.8479915
60.5762164,56.8475685
60.5749833,56.8534704
60.5815459,56.8502186
60.5764014,56.8533677
60.5740636,56.8558889
60.5685440,56.8493213
60.5694917,56.8490648
60.5776343,56.8526940
60.5723443,56.8498289
60.5731580,56.8545693
60.5792566,56.8509259
60.5751552,56.8517548
60.5793199,56.8555832
60.5790399,56.8517920
60.5737785,56.8525907
60.5751513,56.8535675
60.5873385,56.8395995
60.5822665,56.8413211
60.5831034,56.8449556
60.5932241,56.8465740
60.5829409,56.8417983
60.5956184,56.8404035
60.5908694,56.8407714
60.5871604,56.8458511
60.5843880,56.8420696
60.5846666,56.8416048
60.5969389,56.8423361
60.5941875,56.8415604
60.5856868,56.8412535
60.5850585,56.8435795
60.5909964,56.8448195
60.5927518,56.8424975
60.5911365,56.8419066
60.5928061,56.8388940
60.5945452,56.8417949
60.5888706,56.8404860
60.6049431,56.8422452
60.6137155,56.8416856
60.6066739,56.8401702
60.6125883,56.8391217
60.6018365,56.8416500
60.6160729,56.8408985
60.6144317,56.8389646
60.6146250,56.8401879
60.6043267,56.8436948
60.6044787,56.8378808
60.6115256,56.8405777
60.6134993,56.8372040
60.6159939,56.8403068
60.6081199,56.8413611
60.6100401,56.8449895
60.6024008,56.8395263
60.6139617,56.8423601
60.6058298,56.8447116
60.6048169,56.8391072
60.6084986,56.8449341
60.6025297,56.8472494
60.6022883,56.8461061
60.5932326,56.8503397
60.5986385,56.8497918
60.6036267,56.8523956
60.6017268,56.8461750
60.5967431,56.8490198
60.6033222,56.8489055
60.6017580,56.8466910
60.6036778,56.8483238
60.6023590,56.8521715
60.6077796,56.8494671
60.5996280,56.8544186
60.6055953,56.8497027
60.5954062,56.8521437
60.5984812,56.8480110
60.6014429,56.8513579
60.6009981,56.8521453
60.6067900,56.8505689
60.5961012,56.8518281
60.5953619,56.8544582
60.5854304,56.8538426
60.5892322,56.8512510
60.5906102,56.8514316
60.5936123,56.8528037
60.5866919,56.8551762
60.5848777,56.8539840
60.5888824,56.8509628
60.5820012,56.8540669
60.5856883,56.8509934
60.5873740,56.8565075
60.5861701,56.8543738
60.5827332,56.8561840
60.5812790,56.8544622
60.5822690,56.8555394
60.5924244,56.8523716
60.5842485,56.8529330
60.5881429,56.8534137
60.5896788,56.8497904
60.5883115,56.8546019
60.6281668,56.8437339
60.6302953,56.8425925
60.6294231,56.8426473
60.6179240,56.8436770
60.6266279,56.8408815
60.6290757,56.8462430
60.6241985,56.8465674
60.6196437,56.8486163
60.6274709,56.8450515
60.6293683,56.8433816
60.6232389,56.8440465
60.6242200,56.8421258
60.6194155,56.8441238
60.6233830,56.8451811
60.6266439,56.8447247
60.6233324,56.8486499
60.6197310,56.8467960
60.6250123,56.8438006
60.6280052,56.8438431
60.6269472,56.8465764
60.6114305,56.8517868
60.6227623,56.8503236
60.6224382,56.8542461
60.6189870,56.8536355
60.6194747,56.8552420
60.6155807,56.8543893
60.6190935,56.8555608
60.6126339,56.8547437
60.6151929,56.8559580
60.6167841,56.8519235
60.6223623,56.8516595
60.6152701,56.8546884
60.6171049,56.8531813
60.6142555,56.8565664
60.6221699,56.8518691
60.6094207,56.8526633
60.6172919,56.8522306
60.6184511,56.8561389
60.6186283,56.8564063
60.6220598,56.8548203
60.6361340,56.8540860
60.6306239,56.8498859
60.6399057,56.8540467
60.6300854,56.8547275
60.6315330,56.8543138
60.6324056,56.8576721
60.6400060,56.8537859
60.6393594,56.8533134
60.6387667,56.8539355
60.6381510,56.8535144
60.6328535,56.8519542
60.6357042,56.8562942
60.6378734,56.8545754
60.6280469,56.8539959
60.6391346,56.8557368
60.6264545,56.8515436
60.6301116,56.8571213
60.6339677,56.8498215
60.6289203,56.8515960
60.6366083,56.8503341
60.6199938,56.8470157
60.6101715,56.8481416
60.6141071,56.8459396
60.6121923,56.8510084
60.6158977,56.8525139
60.6119784,56.8488368
60.6087559,56.8462994
60.6184771,56.8456818
60.6206520,56.8473240
60.6168009,56.8460243
60.6108049,56.8505904
60.6097383,56.8472180
60.6196284,56.8519842
60.6112856,56.8485249
60.6097240,56.8468596
60.6147778,56.8520403
60.6070228,56.8498085
60.6179971,56.8474665
60.6153687,56.8453718
60.6172532,56.8465979
60.6385463,56.8368793
60.6298901,56.8429064
60.6354019,56.8351031
60.6254648,56.8386957
60.6322540,56.8394269
60.6370879,56.8416864
60.6332803,56.8376902
60.6297337,56.8350646
60.6310514,56.8406203
60.6332658,56.8413139
60.6357027,56.8424068
60.6395045,56.8399232
60.6285237,56.8382515
60.6339975,56.8391076
60.6294917,56.8389934
60.6286635,56.8355618
60.6314540,56.8390831
60.6327540,56.8359616
60.6332031,56.8405483
60.6305292,56.8371212
60.6366090,56.8272519
60.6403910,56.8242973
60.6312484,56.8262795
60.6402860,56.8302015
60.6428609,56.8258585
60.6299063,56.8271570
60.6401663,56.8255883
60.6456919,56.8256320
60.6388629,56.8296037
60.6422299,56.8251659
60.6350924,56.8262371
60.6332355,56.8233014
60.6381234,56.8271518
60.6351752,56.8246725
60.6393942,56.8305034
60.6394836,56.8304128
60.6434596,56.8239358
60.6439490,56.8297830
60.6420077,56.8284422
60.6389766,56.8235540
60.6494948,56.8318061
60.6522951,56.8392168
60.6503644,56.8325810
60.6473535,56.8362933
60.6515522,56.8356144
60.6463455,56.8329251
60.6524023,56.8365046
60.6415769,56.8359881
60.6449755,56.8330239
60.6441525,56.8375561
60.6485158,56.8311555
60.6455550,56.8396756
60.6475429,56.8318207
60.6531022,56.8331475
60.6494513,56.8317753
60.6479733,56.8318573
60.6549067,56.8332297
60.6480929,56.8362512
60.6536112,56.8338496
60.6456243,56.8315832
60.6559068,56.8472006
60.6568684,56.8521250
60.6586427,56.8484368
60.6480340,56.8465228
60.6536719,56.8497589
60.6470197,56.8484728
60.6574570,56.8479166
60.6496730,56.8522284
60.6567346,56.8473824
60.6517226,56.8531139
60.6603628,56.8493303
60.6566089,56.8530775
60.6479177,56.8532690
60.6472645,56.8494670
60.6461669,56.8473443
60.6512810,56.8536064
60.6565900,56.8470887
60.6516381,56.8502670
60.6538040,56.8520043
60.6563564,56.8486451
60.6430218,56.8474641
60.6417982,56.8435120
60.6438165,56.8423257
60.6408178,56.8424547
60.6512381,56.8466421
60.6454727,56.8493765
60.6498695,56.8456916
60.6424612,56.8493673
60.6499693,56.8426928
60.6430978,56.8448475
60.6376643,56.8468753
60.6389937,56.8454652
60.6517681,56.8455412
60.6507529,56.8457167
60.6429052,56.8469931
60.6478242,56.8473805
60.6452554,56.8453573
60.6463262,56.8418762
60.6442612,56.8459326
60.6497972,56.8440317
60.6664577,56.8431069
60.6565943,56.8418694
60.6620825,56.8383398
60.6568329,56.8434313
60.6613660,56.8393613
60.6623398,56.8440921
60.6557900,56.8430621
60.6542679,56.8433660
60.6594911,56.8425357
60.6564694,56.8400259
60.6672291,56.8420918
60.6626038,56.8389505
60.6653638,56.8392345
60.6636955,56.8444850
60.6651732,56.8385366
60.6648523,56.8418708
60.6605414,56.8462093
60.6656757,56.8405865
60.6577533,56.8457891
60.6648096,56.8410828
60.6541976,56.8244696
60.6435272,56.8245341
60.6442632,56.8251140
60.6450037,56.8235848
60.6469492,56.8228395
60.6528480,56.8267080
60.6469040,56.8208129
60.6524761,56.8211741
60.6528909,56.8255431
60.6543216,56.8218260
60.6492632,56.8212896
60.6490214,56.8262277
60.6537824,56.8202699
60.6449287,56.8231992
60.6532186,56.8268056
60.6540893,56.8243767
60.6496262,56.8205489
60.6481144,56.8208738
60.6486521,56.8204714
60.6442887,56.8217285
60.6039189,56.8385341
60.6080247,56.8366310
60.6131053,56.8349722
60.6091101,56.8372457
60.6053709,56.8379942
60.6108201,56.8404742
60.6067432,56.8377350
60.6073345,56.8379107
60.6061687,56.8394046
60.6110387,56.8406686
60.6100647,56.8347794
60.6158135,56.8369318
60.6121134,56.8363628
60.6145450,56.8371286
60.6044352,56.8401508
60.6132583,56.8377733
60.6086343,56.8358582
60.6017781,56.8353829
60.6044877,56.8328020
60.6114880,56.8397729
60.5653609,56.8363958
60.5611546,56.8348430
60.5666901,56.8377659
60.5638123,56.8357302
60.5686645,56.8395588
60.5665220,56.8381471
60.5565941,56.8361273
60.5605536,56.8414642
60.5707173,56.8364957
60.5644933,56.8408278
60.5571855,56.8390785
60.5611535,56.8385481
60.5645598,56.8376912
60.5611151,56.8386639
60.5669617,56.8352939
60.5590859,56.8413343
60.5669905,56.8410472
60.5606264,56.8348719
60.5670793,56.8402079
60.5622139,56.8403523
60.5360173,56.8601179
60.5382479,56.8631012
60.5378217,56.8612037
60.5376499,56.8565182
60.5373495,56.8632505
60.5348657,56.8642051
60.5421281,56.8616768
60.5387616,56.8572351
60.5296913,56.8605753
60.5361791,56.8624181
60.5446819,56.8616798
60.5410040,56.8571172
60.5342030,56.8601607
60.5371349,56.8572237
60.5392154,56.8625798
60.5430991,56.8585371
60.5400730,56.8603018
60.5341603,56.8641919
60.5383329,56.8612089
60.5327953,56.8604883
60.5619875,56.8657454
60.5575313,56.8733627
60.5592059,56.8665406
60.5550487,56.8685582
60.5507768,56.8697163
60.5560768,56.8659935
60.5587290,56.8678005
60.5605800,56.8702338
60.5550993,56.8660069
60.5555085,56.8734535
60.5604184,56.8668105
60.5649804,56.8706410
60.5590852,56.8702723
60.5528647,56.8679968
60.5629474,56.8663655
60.5631106,56.8694969
60.5638616,56.8674281
60.5569474,56.8699244
60.5506277,56.8666959
60.5613369,56.8724835
60.5512760,56.8485132
60.5461610,56.8523640
60.5419409,56.8542900
60.5498378,56.8541302
60.5501049,56.8511217
60.5485889,56.8493071
60.5534672,56.8494623
60.5456770,56.8483645
60.5480654,56.8523515
60.5452170,56.8562839
60.5420164,56.8537487
60.5554210,56.8515967
60.5454935,56.8504838
60.5517569,56.8547942
60.5484496,56.8538101
60.5474867,56.8567808
60.5548207,56.8534999
60.5437306,56.8508581
60.5424921,56.8516217
60.5451271,56.8498762
60.5640625,56.8526295
60.5541613,56.8526904
60.5666685,56.8547281
60.5634194,56.8550474
60.5555450,56.8518660
60.5574714,56.8557489
60.5624003,56.8540823
60.5651626,56.8537673
60.5616301,56.8590740
60.5596169,56.8539274
60.5664800,56.8536677
60.5661723,56.8573106
60.5542451,56.8531374
60.5611812,56.8509379
60.5570602,56.8521765
60.5639500,56.8526497
60.5668477,56.8546766
60.5605650,56.8506871
60.5602153,56.8520787
60.5609608,56.8553244
60.5524801,56.8661558
60.5609841,56.8654460
60.5564655,56.8642250
60.5576055,56.8642830
60.5497031,56.8640965
60.5548243,56.8659227
60.5596903,56.8631157
60.5610988,56.8634010
60.5544118,56.8581883
60.5604631,56.8602635
60.5575325,56.8643030
60.5490144,56.8644489
60.5533678,56.8640288
60.5630624,56.8621675
60.5572257,56.8664727
60.5536124,56.8599409
60.5537933,56.8597442
60.5629035,56.8608371
60.5534878,56.8595480
60.5596229,56.8660800
60.5754752,56.8654860
60.5750996,56.8645511
60.5814123,56.8590035
60.5733361,56.8643065
60.5740341,56.8598926
60.5800086,56.8608721
60.5760239,56.8634689
60.5758261,56.8580381
60.5741832,56.8610204
60.5825202,56.8614777
60.5763790,56.8634423
60.5730372,56.8625749
60.5804748,56.8588227
60.5793203,56.8584948
60.5774177,56.8660141
60.5853987,56.8615726
60.5762170,56.8614758
60.5752605,56.8655942
60.5725191,56.8597922
60.5825831,56.8639513
60.6025777,56.8620866
60.5906735,56.8647402
60.5960744,56.8620931
60.5901655,56.8618734
60.5894562,56.8647749
60.5958030,56.8627680
60.6017093,56.8655112
60.6012653,56.8628144
60.5980501,56.8651878
60.6015340,56.8636777
60.5955782,56.8647690
60.5942326,56.8670918
60.5997747,56.8601131
60.5963047,56.8677571
60.5984034,56.8647325
60.5899143,56.8648212
60.5927194,56.8668500
60.5973101,56.8644144
60.6007908,56.8641571
60.5939611,56.8596787
60.6239463,56.8683890
60.6167686,56.8697825
60.6156499,56.8669788
60.6114924,56.8667275
60.6205439,56.8656496
60.6199883,56.8654505
60.6181030,56.8690493
60.6156866,56.8697837
60.6125284,56.8682321
60.6114367,56.8677504
60.6205462,56.8641809
60.6242273,56.8698315
60.6157608,56.8628642
60.6206298,56.8669987
60.6200589,56.8688284
60.6134056,56.8666420
60.6105010,56.8684669
60.6157163,56.8685067
60.6199342,56.8631248
60.6190467,56.8699773
60.5690965,56.8850663
60.5623242,56.8830355
60.5577124,56.8871665
60.5576495,56.8807019
60.5653210,56.8854720
60.5661588,56.8875534
60.5587171,56.8857436
60.5625147,56.8811371
60.5672618,56.8839626
60.5684755,56.8810938
60.5668581,56.8858233
60.5589058,56.8847719
60.5662087,56.8857012
60.5584696,56.8815240
60.5691531,56.8853843
60.5653228,56.8861118
60.5604665,56.8879123
60.5565936,56.8862084
60.5622028,56.8827346
60.5558401,56.8833864
60.5140670,56.8841052
60.5112158,56.8796179
60.5096477,56.8829527
60.5181096,56.8783328
60.5084380,56.8773784
60.5151727,56.8814798
60.5074483,56.8801076
60.5178945,56.8814978
60.5062644,56.8793253
60.5196777,56.8810595
60.5127889,56.8775094
60.5085045,56.8773840
60.5138619,56.8817787
60.5078186,56.8781090
60.5087976,56.8800466
60.5082795,56.8806596
60.5126795,56.8764205
60.5155151,56.8809558
60.5140177,56.8781561
60.5204448,56.8792584
60.4868106,56.8857567
60.4912387,56.8884422
60.4867411,56.8879063
60.4897183,56.8901330
60.4890564,56.8888696
60.4974486,56.8872032
60.4863239,56.8831048
60.4940021,56.8854326
60.4878807,56.8889354
60.4985357,56.8858526
60.4900954,56.8823574
60.4867068,56.8898971
60.4964733,56.8858937
60.4908961,56.8826461
60.4934242,56.8877880
60.4895609,56.8821534
60.4905719,56.8892685
60.4936235,56.8854443
60.4959114,56.8898491
60.4895375,56.8829541
60.4786463,56.8888015
60.4848668,56.8857136
60.4753705,56.8883363
60.4857914,56.8896100
60.4739853,56.8876748
60.4822348,56.8850568
60.4855228,56.8881140
60.4774922,56.8860661
60.4839158,56.8868383
60.4740903,56.8877955
60.4852222,56.8882912
60.4888696,56.8873891
60.4764510,56.8907016
60.4757906,56.8902635
60.4778834,56.8897771
60.4836010,56.8834750
60.4772358,56.8907573
60.4887495,56.8856975
60.4815737,56.8845920
60.4886445,56.8859432
60.5366914,56.8708364
60.5361462,56.8703806
60.5222512,56.8706195
60.5217833,56.8720841
60.5253479,56.8701027
60.5313683,56.8754097
60.5321023,56.8742729
60.5325524,56.8739597
60.5233021,56.8709738
60.5282933,56.8691160
60.5292977,56.8695726
60.5239196,56.8722383
60.5245953,56.8708698
60.5333331,56.8752085
60.5259029,56.8748477
60.5242896,56.8751363
60.5254712,56.8738539
60.5210598,56.8711144
60.5264041,56.8749429
60.5253414,56.8755319
60.5346704,56.8843966
60.5331060,56.8789051
60.5313056,56.8868605
60.5325050,56.8825061
60.5377858,56.8829419
60.5315837,56.8813663
60.5350406,56.8786738
60.5325560,56.8843120
60.5261739,56.8845144
60.5332547,56.8803888
60.5292921,56.8868280
60.5327870,56.8784281
60.5328875,56.8858874
60.5331773,56.8823881
60.5291494,56.8820621
60.5385855,56.8811587
60.5334562,56.8848779
60.5326912,56.8791530
60.5325624,56.8859065
60.5380587,56.8840289
60.5136237,56.8876152
60.5187628,56.8883068
60.5225554,56.8911465
60.5114312,56.8919169
60.5101844,56.8904733
60.5171516,56.8903574
60.5148475,56.8925817
60.5227828,56.8910926
60.5216954,56.8888087
60.5138770,56.8889392
60.5113930,56.8909146
60.5171685,56.8938617
60.5167998,56.8874858
60.5115110,56.8898909
60.5138562,56.8943019
60.5188458,56.8930015
60.5216368,56.8943548
60.5152555,56.8924679
60.5151806,56.8882724
60.5147881,56.8884878
60.5387701,56.8833847
60.5357175,56.8781595
60.5364732,56.8782012
60.5406676,56.8833821
60.5407340,56.8788379
60.5340815,56.8795138
60.5382420,56.8774714
60.5335660,56.8818387
60.5383470,56.8783183
60.5428665,56.8816098
60.5421263,56.8809611
60.5318116,56.8784962
60.5361671,56.8760415
60.5380388,56.8808411
60.5327905,56.8778918
60.5428067,56.8769130
60.5445797,56.8807962
60.5417439,56.8808477
60.5335739,56.8777948
60.5343663,56.8772497
60.5263295,56.8789761
60.5325500,56.8795183
60.5204324,56.8801560
60.5295316,56.8794204
60.5310209,56.8795492
60.5234091,56.8772843
60.5224307,56.8801926
60.5273011,56.8809298
60.5329033,56.8795121
60.5295109,56.8786893
60.5220061,56.8774124
60.5195311,56.8793443
60.5244128,56.8840264
60.5322748,56.8825148
60.5252661,56.8850609
60.5296134,56.8844744
60.5225470,56.8826835
60.5297785,56.8832950
60.5234586,56.8781339
60.5262847,56.8853207
60.5475251,56.8749702
60.5460245,56.8781536
60.5479003,56.8762382
60.5407276,56.8763116
60.5443742,56.8706715
60.5516172,56.8760841
60.5466779,56.8776902
60.5422252,56.8763314
60.5456406,56.8789470
60.5483584,56.8765744
60.5392523,56.8760274
60.5475306,56.8757736
60.5456488,56.8791168
60.5440391,56.8751719
60.5423499,56.8719297
60.5537539,56.8738206
60.5461308,56.8717060
60.5410594,56.8735351
60.5502857,56.8733207
60.5490120,56.8767342
60.5798475,56.8825977
60.5733657,56.8859363
60.5714350,56.8854468
60.5832910,56.8906293
60.5739115,56.8833857
60.5746065,56.8833137
60.5766787,56.8875101
60.5857854,56.8893589
60.5856450,56.8855764
60.5762645,56.8849695
60.5730641,56.8895328
60.5747674,56.8889726
60.5795996,56.8838472
60.5829300,56.8838404
60.5736872,56.8887741
60.5746505,56.8899779
60.5768873,56.8865205
60.5797815,56.8900413
60.5804259,56.8891391
60.5827859,56.8855013
60.5942400,56.8835772
60.6011974,56.8850647
60.5940380,56.8864596
60.6020666,56.8862312
60.5882887,56.8833233
60.6026308,56.8838388
60.5961348,56.8843553
60.5957423,56.8822619
60.5886417,56.8854000
60.5887416,56.8823976
60.5920805,56.8814496
60.5982626,56.8824999
60.6018132,56.8809298
60.5915087,56.8862568
60.5899897,56.8836843
60.5961850,56.8827218
60.5948059,56.8799879
60.5987262,56.8867099
60.5928862,56.8857388
60.5969255,56.8820072
60.6196556,56.8919566
60.6170331,56.8912245
60.6094916,56.8906332
60.6097822,56.8901547
60.6187245,56.8942859
60.6198622,56.8938971
60.6184400,56.8899520
60.6087671,56.8893245
60.6089263,56.8942386
60.6172931,56.8886853
60.6195516,56.8906878
60.6146986,56.8869680
60.6143102,56.8951059
60.6174874,56.8890957
60.6154068,56.8885903
60.6212863,56.8920536
60.6138931,56.8919878
60.6191366,56.8922718
60.6089938,56.8893776
60.6188411,56.8882665
60.5960412,56.8914772
60.5963284,56.8960875
60.5883600,56.8935392
60.5859308,56.8932831
60.5912320,56.8934473
60.5997537,56.8939054
60.5910920,56.8898625
60.5950023,56.8963494
60.5952603,56.8898218
60.6001283,56.8916246
60.6012819,56.8911281
60.5859650,56.8926056
60.5933131,56.8900862
60.5897087,56.8950511
60.5969936,56.8892937
60.5946625,56.8891457
60.5891649,56.8902361
60.5969561,56.8915988
60.5972820,56.8953337
60.5938293,56.8950716
60.6175165,56.8811029
60.6156267,56.8817235
60.6143709,56.8772752
60.6175678,56.8792740
60.6201056,56.8749188
60.6199561,56.8816884
60.6195535,56.8763095
60.6202404,56.8748430
60.6122310,56.8783088
60.6227495,56.8807665
60.6202679,56.8788338
60.6117556,56.8809918
60.6129165,56.8799786
60.6145984,56.8780457
60.6159845,56.8774777
60.6211761,56.8771270
60.6100539,56.8802088
60.6112802,56.8769233
60.6099146,56.8792707
60.6129027,56.8760702
60.6248196,56.8992239
60.6344356,56.8977483
60.6354828,56.8978287
60.6360686,56.8984205
60.6278997,56.8990319
60.6336286,56.8997354
60.6353553,56.8967466
60.6319521,56.8982931
60.6335121,56.9014453
60.6298139,56.8976211
60.6234886,56.8965694
60.6273258,56.8973758
60.6380971,56.8990332
60.6325222,56.8972808
60.6354974,56.9020488
60.6284073,56.8966263
60.6270894,56.8992099
60.6270370,56.8983052
60.6272439,56.9006946
60.6277149,56.9017728
60.6044317,56.9158876
60.6081679,56.9139203
60.6080563,56.9100315
60.6043206,56.9111395
60.5995685,56.9148177
60.6049895,56.9108101
60.6066763,56.9105491
60.6032320,56.9123304
60.5994255,56.9119765
60.6076689,56.9103192
60.6042424,56.9166715
60.6082231,56.9126188
60.6092596,56.9132116
60.6058252,56.9130271
60.6003444,56.9113849
60.6073144,56.9180965
60.6095514,56.9139717
60.5974837,56.9128445
60.6031138,56.9154179
60.6023295,56.9161617
60.5853401,56.9056012
60.5787851,56.9010140
60.5861049,56.9011258
60.5848836,56.9039566
60.5759160,56.9043397
60.5765824,56.9027612
60.5738447,56.9058871
60.5800030,56.9005768
60.5777080,56.9002394
60.5864237,56.9036167
60.5816906,56.9013155
60.5779076,56.9043897
60.5846768,56.9040388
60.5833443,56.9069476
60.5817764,56.9044554
60.5796544,56.9059371
60.5814107,56.9055142
60.5843188,56.9010690
60.5759039,56.9033847
60.5773998,56.9036487
60.5849817,56.8959339
60.5769136,56.9023485
60.5873038,56.9022668
60.5779449,56.9036283
60.5884293,56.8996406
60.5821536,56.8986148
60.5794271,56.8975866
60.5858525,56.8976765
60.5757226,56.8986507
60.5839904,56.9038549
60.5742312,56.9013100
60.5805688,56.9038597
60.5784174,56.8968862
60.5806265,56.9013896
60.5820546,56.8976769
60.5845032,56.8957096
60.5844004,56.8980370
60.5807301,56.8962884
60.5878059,56.9023003
60.5758763,56.8970300
60.5978614,56.9062832
60.6007261,56.9029906
60.6053803,56.9047334
60.5937875,56.9038790
60.6034243,56.9001663
60.5976233,56.8992636
60.5944407,56.9057531
60.6051010,56.9066011
60.6051149,56.9009565
60.5992848,56.9009763
60.6038765,56.9040979
60.5991540,56.9055694
60.5968517,56.9031390
60.5931165,56.9025373
60.6031027,56.9037021
60.6051946,56.9056847
60.6067495,56.9049259
60.6075432,56.9032202
60.6030012,56.9041192
60.6003398,56.9066842
60.5924257,56.9137799
60.5883977,56.9133846
60.5903263,56.9134785
60.5865816,56.9060154
60.5890590,56.9090844
60.5915413,56.9065374
60.5862226,56.9078096
60.5924603,56.9126659
60.5925493,56.9096759
60.5854463,56.9112141
60.5897020,56.9102686
60.5967164,56.9112323
60.5876576,56.9122528
60.5935068,56.9107855
60.5952646,56.9055922
60.5909215,56.9089057
60.5979256,56.9071009
60.5862991,56.9084637
60.5902747,56.9135780
60.5860931,56.9067784
60.6131771,56.9041039
60.6225201,56.9036831
60.6166411,56.9085695
60.6139906,56.9048196
60.6107939,56.9014102
60.6097310,56.9066133
60.6213450,56.9068830
60.6168192,56.9066570
60.6158005,56.9079324
60.6181517,56.9072020
60.6171867,56.9053056
60.6228303,56.9029318
60.6204168,56.9010311
60.6206357,56.9057419
60.6127037,56.9022941
60.6224111,56.9020933
60.6221366,56.9013774
60.6141276,56.9008188
60.6100045,56.9016125
60.6223833,56.9063638
60.6372784,56.8861685
60.6250188,56.8896166
60.6263628,56.8859224
60.6370812,56.8852712
60.6336193,56.8831674
60.6317464,56.8842920
60.6264587,56.8831238
60.6349826,56.8856770
60.6264242,56.8905043
60.6345812,56.8856443
60.6306073,56.8858938
60.6351120,56.8875839
60.6280282,56.8869171
60.6244534,56.8867736
60.6309877,56.8865159
60.6316380,56.8869640
60.6303192,56.8878801
60.6300385,56.8871702
60.6358390,56.8880376
60.6258988,56.8894974
60.6109728,56.9001416
60.6102830,56.8989073
60.6137911,56.9024211
60.6156647,56.8975683
60.6169049,56.9010995
60.6117103,56.8998832
60.6032647,56.9014194
60.6086833,56.8992648
60.6144483,56.9011279
60.6109657,56.9018456
60.6158467,56.9003069
60.6057542,56.9004915
60.6153731,56.9003952
60.6062620,56.8971314
60.6147395,56.9009921
60.6035031,56.8962071
60.6081708,56.8961177
60.6102537,56.9035345
60.6056869,56.8965539
60.6117950,56.8974702
60.6465953,56.8990997
60.6439889,56.8923969
60.6402518,56.8926757
60.6441245,56.8976935
60.6435112,56.8913027
60.6400427,56.8917312
60.6480916,56.8932730
60.6406732,56.8971367
60.6468648,56.8985373
60.6413154,56.8984941
60.6502137,56.8943455
60.6456039,56.8995084
60.6503065,56.8974675
60.6415821,56.8922996
60.6464047,56.8993011
60.6441443,56.8978326
60.6520499,56.8938139
60.6398817,56.8955011
60.6394760,56.8937062
60.6449046,56.8982656
60.6371054,56.9076970
60.6415539,56.9119856
60.6406589,56.9107429
60.6377864,56.9109594
60.6461537,56.9057215
60.6433969,56.9066412
60.6345775,56.9077067
60.6354597,56.9062724
60.6435883,56.9103193
60.6343335,56.9091839
60.6368892,56.9064260
60.6402923,56.9077779
60.6413902,56.9065618
60.6443419,56.9093641
60.6438487,56.9105234
60.6393537,56.9058601
60.6452846,56.9112009
60.6459776,56.9086137
60.6378698,56.9052073
60.6377496,56.9085415
60.6408276,56.9066431
60.6393859,56.9041626
60.6455429,56.9078829
60.6408098,56.9051896
60.6448074,56.9005795
60.6385625,56.9055242
60.6414037,56.9075528
60.6368029,56.9073777
60.6436784,56.9057491
60.6479171,56.9052861
60.6343813,56.9049458
60.6435791,56.9069076
60.6359639,56.9010850
60.6390012,56.9066744
60.6337810,56.9035849
60.6353887,56.9013159
60.6358674,56.9011728
60.6440557,56.9081564
60.6469564,56.9015134
60.6484794,56.9061019
60.6288849,56.8921229
60.6269636,56.8937963
60.6330386,56.8957966
60.6299525,56.8927629
60.6305145,56.8958488
60.6365127,56.8910517
60.6362848,56.8947047
60.6347560,56.8911001
60.6292713,56.8953673
60.6379273,56.8921038
60.6286350,56.8952775
60.6255909,56.8942614
60.6399385,56.8921873
60.6361743,56.8920619
60.6293474,56.8964583
60.6314304,56.8928348
60.6393056,56.8957302
60.6270314,56.8930524
60.6291158,56.8905440
60.6258874,56.8935249
60.6303029,56.8624461
60.6394154,56.8650538
60.6306433,56.8666810
60.6333666,56.8618466
60.6308438,56.8625233
60.6285746,56.8691152
60.6288153,56.8640512
60.6363838,56.8680325
60.6294050,56.8615919
60.6366525,56.8644779
60.6331694,56.8680081
60.6328229,56.8639187
60.6288077,56.8628751
60.6247260,56.8664340
60.6395490,56.8648812
60.6253498,56.8663907
60.6281102,56.8668551
60.6316670,56.8651056
60.6378794,56.8653068
60.6348282,56.8627240
60.6490612,56.8605538
60.6508910,56.8666925
60.6464204,56.8590029
60.6530719,56.8609821
60.6530647,56.8644054
60.6505396,56.8646985
60.6531502,56.8641230
60.6478810,56.8595011
60.6504491,56.8618887
60.6458513,56.8626881
60.6490636,56.8614828
60.6569565,56.8630818
60.6561566,56.8655886
60.6475466,56.8631840
60.6456156,56.8647984
60.6544492,56.8665135
60.6536149,56.8608238
60.6450976,56.8659512
60.6529004,56.8625987
60.6526949,56.8668532
60.6240385,56.8659626
60.6225664,56.8642567
60.6245615,56.8579886
60.6227776,56.8593989
60.6186342,56.8598579
60.6221779,56.8605450
60.6234187,56.8608023
60.6248066,56.8624338
60.6199948,56.8577797
60.6266994,56.8623430
60.6161491,56.8593144
60.6291587,56.8627243
60.6193885,56.8630757
60.6170664,56.8611358
60.6189933,56.8615178
60.6142184,56.8614119
60.6235184,56.8627751
60.6251590,56.8655169
60.6273989,56.8618446
60.6237268,56.8584553
60.6554284,56.8559070
60.6494448,56.8593478
60.6552069,56.8561528
60.6475832,56.8564954
60.6538394,56.8580911
60.6568438,56.8548978
60.6560637,56.8548645
60.6505083,56.8536750
60.6488836,56.8590220
60.6514963,56.8550851
60.6546466,56.8537202
60.6498838,56.8579039
60.6555002,56.8592635
60.6534505,56.8558761
60.6502530,56.8597189
60.6595919,56.8571830
60.6506456,56.8556639
60.6490786,56.8606549
60.6536230,56.8616642
60.6577226,56.8609961
60.6348373,56.8663903
60.6391436,56.8671419
60.6463742,56.8645170
60.6398918,56.8616130
60.6450553,56.8653071
60.6332889,56.8653795
60.6414433,56.8602508
60.6471837,56.8662341
60.6405757,56.8612691
60.6379583,56.8654635
60.6397536,56.8681220
60.6481855,56.8628717
60.6372762,56.8678707
60.6440793,56.8621931
60.6381231,56.8651444
60.6432666,56.8642919
60.6370241,56.8674583
60.6436118,56.8635498
60.6383305,56.8669991
60.6364930,56.8671620
60.6413763,56.8740213
60.6502737,56.8784086
60.6488040,56.8744552
60.6427613,56.8781248
60.6389528,56.8789045
60.6408744,56.8800472
60.6443537,56.8786785
60.6458453,56.8727248
60.6410874,56.8805029
60.6400781,56.8752138
60.6504461,56.8766224
60.6409259,56.8743880
60.6479801,56.8775073
60.6438569,56.8763069
60.6485657,56.8785164
60.6475230,56.8766348
60.6510243,56.8773991
60.6426751,56.8765668
60.6399092,56.8785830
60.6412582,56.8790949
60.6332040,56.8767251
60.6358555,56.8777209
60.6269138,56.8753762
60.6292623,56.8746214
60.6318750,56.8772259
60.6349038,56.8789213
60.6350043,56.8749739
60.6353600,56.8749887
60.6281528,56.8791631
60.6300342,56.8783618
60.6360432,56.8751817
60.6310391,56.8735916
60.6303657,56.8749743
60.6320589,56.8731184
60.6339413,56.8800771
60.6253021,56.8802836
60.6324607,56.8779674
60.6354351,56.8757667
60.6301547,56.8785284
60.6304055,56.8790199
60.6287056,56.8855872
60.6202030,56.8810527
60.6327348,56.8844891
60.6251500,56.8802861
60.6301670,56.8802647
60.6243518,56.8779113
60.6335519,56.8818879
60.6269441,56.8781679
60.6347355,56.8797872
60.6288421,56.8779615
60.6300362,56.8845917
60.6264159,56.8842620
60.6234975,56.8835960
60.6267547,56.8785827
60.6301248,56.8846974
60.6279598,56.8840764
60.6215166,56.8832811
60.6320600,56.8788400
60.6314842,56.8784293
60.6218445,56.8813984
60.5949365,56.8745428
60.5881030,56.8768223
60.5977712,56.8795563
60.5987186,56.8741460
60.5885858,56.8781188
60.5932497,56.8780625
60.5970850,56.8766580
60.5939401,56.8780627
60.5957403,56.8745626
60.5961436,56.8774754
60.5926034,56.8778163
60.5935168,56.8742608
60.5938033,56.8805050
60.6002960,56.8736341
60.5926518,56.8756419
60.5959345,56.8759985
60.5976159,56.8769140
60.5951404,56.8784650
60.6000685,56.8788238
60.5998557,56.8735506
60.5852307,56.8767509
60.5821471,56.8729514
60.5802349,56.8781442
60.5877650,56.8745517
60.5789934,56.8759952
60.5847886,56.8705381
60.5814523,56.8770165
60.5823836,56.8781853
60.5868550,56.8725532
60.5818962,56.8760622
60.5878779,56.8727394
60.5811062,56.8703183
60.5762332,56.8749492
60.5786776,56.8765342
60.5845573,56.8778482
60.5846703,56.8704354
60.5848423,56.8742052
60.5827624,56.8703151
60.5858901,56.8745544
60.5798521,56.8717052
60.5750235,56.8748559
60.5782134,56.8678889
60.5738453,56.8703846
60.5679268,56.8699763
60.5691218,56.8720018
60.5722250,56.8754522
60.5767060,56.8737548
60.5793337,56.8696173
60.5755473,56.8680835
60.5784268,56.8723310
60.5792019,56.8745487
60.5724014,56.8752567
60.5680550,56.8702202
60.5809742,56.8701645
60.5774026,56.8694658
60.5791893,56.8683299
60.5712064,56.8752686
60.5723579,56.8695539
60.5735221,56.8722036
60.5746641,56.8762236
60.5590300,56.8791546
60.5571639,56.8763046
60.5667434,56.8738697
60.5693314,56.8749464
60.5619828,56.8810761
60.5667906,56.8793239
60.5606800,56.8786929
60.5702184,56.8790054
60.5682252,56.8791697
60.5687405,56.8756698
60.5693138,56.8786204
60.5663891,56.8753767
60.5573916,56.8781475
60.5626680,56.8813411
60.5688016,56.8788615
60.5681686,56.8753110
60.5580726,56.8805228
60.5687263,56.8765496
60.5598927,56.8792899
60.5646918,56.8806672
60.5952145,56.8700204
60.5994700,56.8714286
60.6014453,56.8760057
60.5981605,56.8758278
60.6064089,56.8706637
60.5986700,56.8719119
60.6025982,56.8689661
60.5996736,56.8690488
60.5928535,56.8702223
60.6064318,56.8726706
60.6004037,56.8733679
60.5978723,56.8763453
60.5995971,56.8718857
60.5979114,56.8716581
60.5955201,56.8745002
60.5931894,56.8749668
60.6014904,56.8753711
60.5931971,56.8745176
60.6023282,56.8759998
60.5940276,56.8720944
60.5977709,56.8810945
60.6117405,56.8805776
60.5987672,56.8810393
60.5999171,56.8815362
60.6052817,56.8819621
60.6063986,56.8785733
60.6043475,56.8784502
60.6063983,56.8790861
60.6048750,56.8758838
60.6078888,56.8819833
60.6115715,56.8794490
60.6028576,56.8768414
60.6064029,56.8761742
60.6071827,56.8771592
60.6042851,56.8832145
60.6039835,56.8832833
60.5995807,56.8811877
60.6013309,56.8829776
60.6014448,56.8787784
60.6038648,56.8793016
60.5758016,56.7973682
60.5731601,56.7994125
60.5809973,56.7962945
60.5774120,56.8017189
60.5739102,56.8001988
60.5814643,56.8018015
60.5749319,56.7990036
60.5780738,56.8044899
60.5822142,56.7970764
60.5819744,56.8034933
60.5826097,56.7964827
60.5798425,56.7997471
60.5751977,56.8002084
60.5726738,56.8024960
60.5713746,56.8003156
60.5782491,56.7975251
60.5801474,56.8018344
60.5832999,56.7994910
60.5844671,56.8012449
60.5767048,56.7999391
60.6096971,56.7958479
60.6035698,56.7945283
60.6053524,56.7970212
60.6088019,56.7935646
60.6017557,56.7962497
60.6097980,56.7905640
60.6135215,56.7952283
60.6129338,56.7970055
60.6012019,56.7921856
60.6123107,56.7939418
60.6085064,56.7958472
60.6096736,56.7974034
60.6118474,56.7920934
60.6035964,56.7920228
60.6053430,56.7904960
60.6149595,56.7951697
60.6046515,56.7931642
60.6037766,56.7914087
60.6149797,56.7959129
60.5998037,56.7943366
60.6154014,56.7942335
60.6236983,56.7979220
60.6229074,56.7935655
60.6257513,56.7945170
60.6220650,56.7929630
60.6236606,56.7965891
60.6259692,56.7910102
60.6181558,56.7915729
60.6226990,56.7953881
60.6224991,56.7923935
60.6148744,56.7937834
60.6246460,56.7903859
60.6288631,56.7929862
60.6187919,56.7923771
60.6178883,56.7922503
60.6262642,56.7917694
60.6226054,56.7970741
60.6214769,56.7911873
60.6172908,56.7940719
60.6278342,56.7950827
60.6317375,56.8002014
60.6351175,56.8070127
60.6297520,56.8022491
60.6388478,56.8069610
60.6423030,56.8059195
60.6411695,56.8023881
60.6344026,56.8067704
60.6367741,56.8076160
60.6328695,56.8055322
60.6344032,56.8039644
60.6396044,56.8014632
60.6315638,56.8007873
60.6388517,56.8048163
60.6291121,56.8022503
60.6323952,56.8025448
60.6383515,56.8048424
60.6386783,56.8037007
60.6332537,56.8066758
60.6414318,56.8046284
60.6378083,56.8064779
60.5930218,56.7982001
60.5917234,56.8052564
60.5909974,56.8037834
60.5928033,56.7981587
60.5943799,56.8027876
60.5843557,56.8005014
60.5908905,56.8067340
60.5876430,56.7984669
60.5927039,56.7982974
60.5912488,56.8065940
60.5855617,56.8030486
60.5930845,56.8001150
60.5876363,56.7993779
60.5932697,56.8027226
60.5875591,56.8004144
60.5920306,56.8055871
60.5887725,56.8021164
60.5978762,56.8022997
60.5874004,56.8018901
60.5911586,56.8027091
60.5130359,56.8091129
60.5111014,56.8031543
60.5120083,56.8064216
60.5162020,56.8030268
60.5171843,56.8075901
60.5163415,56.8087640
60.5081487,56.8038036
60.5129167,56.8074316
60.5158004,56.8077967
60.5153408,56.8042379
60.5113978,56.8077328
60.5072978,56.8029929
60.5146161,56.8024348
60.5065907,56.8043096
60.5087353,56.8094128
60.5181339,56.8058559
60.5149286,56.8066183
60.5060104,56.8048975
60.5109667,56.8088041
60.5175077,56.8055676
60.5018528,56.8016475
60.5003740,56.8012429
60.5006562,56.7985106
60.5055760,56.7969298
60.5139030,56.8002633
60.5137336,56.7978219
60.5031316,56.8018690
60.5051576,56.7976043
60.5134594,56.7981641
60.5125640,56.7965005
60.5111734,56.8020612
60.5138655,56.7979561
60.5080438,56.8019958
60.5105417,56.8007302
60.5052736,56.7991283
60.5077422,56.7957320
60.5092431,56.7992417
60.5018990,56.8001359
60.5040749,56.7955390
60.5035694,56.7955526
60.5141431,56.7917758
60.5167973,56.7909754
60.5146532,56.7882346
60.5092879,56.7892582
60.5066818,56.7898094
60.5176239,56.7892318
60.5173111,56.7909166
60.5160460,56.7954432
60.5130044,56.7899640
60.5063042,56.7928998
60.5122432,56.7936262
60.5085433,56.7957119
60.5160814,56.7918649
60.5174137,56.7889617
60.5096673,56.7889996
60.5122317,56.7883073
60.5192326,56.7918717
60.5104412,56.7933062
60.5132582,56.7901997
60.5150890,56.7913259
60.5386166,56.7836472
60.5292737,56.7791010
60.5364625,56.7853297
60.5267123,56.7802795
60.5342503,56.7832821
60.5305562,56.7827924
60.5325842,56.7826811
60.5298595,56.7781868
60.5311824,56.7858847
60.5230051,56.7821731
60.5282707,56.7810694
60.5289462,56.7851865
60.5370042,56.7825931
60.5276237,56.7800189
60.5257631,56.7822579
60.5298498,56.7809513
60.5297956,56.7793612
60.5298822,56.7778061
60.5286800,56.7789813
60.5311152,56.7787190
60.5427282,56.7928189
60.5410325,56.7935294
60.5420077,56.7868232
60.5453816,56.7912863
60.5443853,56.7913538
60.5443345,56.7881738
60.5390707,56.7890025
60.5455581,56.7891913
60.5489256,56.7911368
60.5432578,56.7912521
60.5404994,56.7871362
60.5374138,56.7922253
60.5523825,56.7920646
60.5502483,56.7933962
60.5508343,56.7884476
60.5430386,56.7936451
60.5422826,56.7946164
60.5439559,56.7919087
60.5471333,56.7908648
60.5458169,56.7879716
60.5231784,56.8040380
60.5222142,56.8054183
60.5248353,56.8003347
60.5157706,56.8003221
60.5269659,56.8041211
60.5155964,56.8050019
60.5153644,56.8026838
60.5175656,56.8031873
60.5234521,56.8069208
60.5271354,56.8014762
60.5233403,56.8035787
60.5286690,56.8008445
60.5219783,56.8072430
60.5232857,56.8028148
60.5232248,56.8047134
60.5276052,56.8019649
60.5257882,56.8020731
60.5229038,56.7995645
60.5245403,56.7997866
60.5184700,56.8023584
60.5212499,56.7926197
60.5237993,56.7972233
60.5261095,56.7907566
60.5255001,56.7941691
60.5259343,56.7960035
60.5230626,56.7946691
60.5245312,56.7990663
60.5204401,56.7937426
60.5302638,56.7960752
60.5256265,56.7929604
60.5225719,56.7925954
60.5300007,56.7978947
60.5234002,56.7935651
60.5273273,56.7981874
60.5280743,56.7976691
60.5271914,56.7904621
60.5204995,56.7975156
60.5225226,56.7955527
60.5222556,56.7967127
60.5198539,56.7928820
60.5628531,56.7998639
60.5697972,56.8031042
60.5623482,56.7984109
60.5643584,56.7964727
60.5595211,56.8005838
60.5618911,56.8029024
60.5636711,56.8025588
60.5735604,56.7991034
60.5731752,56.8005164
60.5637177,56.7969904
60.5630959,56.7989420
60.5593766,56.7995113
60.5696634,56.8036144
60.5673978,56.8027239
60.5680857,56.7998989
60.5696949,56.8032021
60.5638586,56.7956880
60.5669579,56.8020872
60.5680772,56.8016186
60.5617292,56.8002951
60.5492294,56.8085985
60.5533489,56.8060665
60.5461185,56.8071279
60.5473536,56.8074086
60.5449086,56.8067593
60.5440927,56.8089109
60.5509739,56.8023508
60.5515697,56.8048640
60.5390976,56.8068186
60.5408363,56.8039866
60.5402060,56.8064837
60.5405095,56.8029194
60.5408654,56.8029314
60.5502796,56.8064410
60.5514056,56.8056971
60.5467066,56.8062569
60.5463706,56.8091687
60.5463557,56.8049104
60.5448255,56.8082490
60.5432866,56.8073775
60.5692063,56.7905882
60.5672799,56.7848356
60.5647878,56.7920823
60.5652357,56.7909357
60.5683639,56.7902547
60.5566353,56.7904761
60.5633487,56.7888614
60.5705751,56.7875306
60.5592692,56.7909555
60.5665770,56.7919660
60.5670804,56.7853247
60.5617199,56.7876999
60.5617495,56.7909913
60.5690656,56.7873218
60.5634984,56.7842478
60.5627146,56.7844056
60.5617115,56.7870351
60.5606237,56.7851201
60.5608480,56.7919448
60.5659735,56.7860321
60.5546789,56.7831251
60.5551766,56.7824742
60.5433238,56.7827074
60.5433239,56.7820633
60.5497103,56.7819896
60.5447238,56.7804908
60.5517285,56.7831596
60.5535792,56.7802720
60.5506629,56.7867543
60.5458504,56.7816658
60.5566045,56.7851026
60.5555914,56.7843709
60.5521597,56.7842889
60.5502688,56.7855141
60.5466842,56.7845914
60.5503786,56.7805906
60.5550547,56.7791396
60.5548620,56.7814166
60.5467167,56.7793027
60.5526038,56.7845031
60.5766561,56.7923989
60.5844522,56.7914298
60.5816742,56.7932881
60.5832100,56.7902792
60.5853344,56.7893382
60.5913106,56.7901061
60.5789565,56.7916480
60.5814911,56.7888389
60.5841319,56.7920106
60.5868201,56.7915314
60.5786381,56.7927416
60.5851153,56.7887341
60.5847362,56.7903098
60.5898575,56.7952196
60.5850461,56.7912996
60.5914782,56.7921789
60.5907105,56.7947449
60.5832266,56.7967060
60.5820139,56.7964461
60.5825561,56.7885634
60.5918792,56.7882956
60.5933648,56.7825633
60.6002546,56.7850958
60.5935425,56.7890397
60.5919966,56.7831437
60.6050947,56.7850710
60.5974543,56.7859013
60.5990656,56.7890469
60.5994049,56.7855229
60.5956612,56.7855474
60.6015912,56.7877132
60.5987272,56.7839086
60.5938703,56.7870879
60.5992515,56.7899834
60.6031733,56.7879733
60.6048162,56.7846421
60.5989203,56.7840324
60.5995843,56.7837499
60.5901852,56.7858037
60.5999864,56.7880863
60.5847597,56.7784315
60.5886285,56.7785110
60.5820160,56.7761981
60.5830526,56.7833814
60.5856360,56.7776263
60.5862314,56.7799618
60.5797536,56.7834714
60.5865443,56.7812746
60.5865006,56.7794535
60.5767892,56.7777167
60.5787057,56.7764183
60.5857946,56.7806787
60.5826275,56.7790891
60.5799591,56.7801863
60.5756398,56.7831247
60.5758079,56.7795913
60.5753437,56.7787195
60.5851391,56.7781960
60.5875662,56.7812465
60.5791361,56.7800196
60.5613740,56.7769328
60.5573207,56.7771633
60.5712679,56.7748327
60.5631616,56.7739069
60.5588749,56.7773830
60.5672299,56.7818218
60.5606335,56.7804809
60.5696074,56.7740338
60.5617756,56.7743871
60.5689092,56.7799719
60.5658491,56.7780579
60.5616983,56.7801609
60.5678933,56.7817214
60.5709310,56.7788590
60.5641316,56.7785219
60.5677808,56.7741814
60.5586711,56.7788269
60.5715191,56.7789214
60.5692303,56.7810971
60.5581191,56.7789180
60.6211112,56.7763384
60.6125107,56.7792605
60.6154665,56.7797952
60.6201726,56.7762214
60.6212731,56.7759944
60.6215753,56.7814711
60.6098455,56.7799880
60.6225425,56.7769426
60.6210775,56.7788056
60.6184925,56.7744816
60.6171090,56.7793250
60.6168322,56.7804245
60.6236564,56.7786103
60.6177118,56.7748085
60.6097118,56.7756102
60.6227562,56.7804563
60.6160157,56.7801291
60.6140107,56.7830664
60.6172545,56.7785915
60.6145713,56.7808187
60.6271285,56.7931989
60.6324898,56.7916626
60.6256058,56.7922110
60.6311667,56.7898019
60.6307500,56.7865642
60.6330998,56.7923581
60.6244035,56.7900491
60.6265613,56.7926153
60.6307309,56.7939043
60.6266398,56.7885889
60.6287736,56.7921011
60.6332558,56.7926156
60.6305912,56.7912604
60.6278731,56.7863717
60.6319763,56.7935504
60.6327868,56.7861986
60.6303488,56.7943790
60.6346062,56.7902459
60.6258221,56.7892190
60.6278350,56.7888109
60.5952107,56.7784995
60.6023309,56.7772341
60.6062701,56.7819274
60.6031902,56.7826004
60.6008606,56.7775415
60.6043313,56.7815670
60.6066186,56.7804080
60.5984283,56.7828472
60.6030127,56.7829892
60.5978541,56.7790293
60.6065044,56.7830324
60.6023523,56.7825357
60.5962024,56.7832026
60.6018654,56.7807082
60.5960422,56.7806222
60.6037079,56.7791438
60.5929400,56.7812495
60.5944983,56.7824087
60.5956822,56.7776149
60.6059637,56.7793625
60.5203905,56.7833713
60.5099200,56.7882241
60.5145416,56.7894809
60.5201633,56.7851048
60.5090224,56.7874288
60.5150839,56.7839379
60.5099785,56.7844845
60.5141782,56.7893047
60.5209768,56.7873513
60.5162228,56.7882077
60.5152811,56.7871136
60.5194140,56.7888968
60.5082558,56.7857035
60.5145308,56.7885293
60.5201441,56.7853247
60.5156892,56.7852653
60.5184090,56.7819223
60.5082426,56.7842668
60.5121058,56.7812271
60.5133375,56.7854479
60.5337164,56.8020025
60.5357939,56.8015600
60.5331134,56.8091637
60.5372237,56.8049760
60.5332684,56.8070541
60.5299083,56.8056920
60.5328622,56.8078931
60.5286960,56.8040631
60.5408816,56.8057125
60.5324788,56.8079055
60.5392760,56.8048331
60.5355601,56.8089586
60.5383148,56.8041600
60.5306088,56.8068970
60.5371043,56.8081078
60.5411357,56.8044480
60.5355349,56.8012113
60.5317285,56.8079433
60.5385584,56.8033967
60.5381151,56.8044372
60.6399119,56.7962839
60.6366603,56.8001981
60.6357462,56.7977966
60.6412023,56.7998894
60.6466298,56.7990969
60.6431122,56.7958128
60.6435548,56.7996253
60.6453850,56.7959276
60.6380376,56.7987629
60.6376298,56.7963878
60.6472514,56.7952505
60.6406147,56.7970981
60.6428776,56.7993638
60.6481115,56.7992006
60.6473339,56.8003267
60.6429950,56.7946642
60.6502924,56.8003176
60.6418347,56.8014916
60.6379860,56.7989309
60.6453303,56.7996967
60.6360777,56.8232315
60.6454419,56.8236743
60.6365032,56.8244733
60.6380879,56.8233851
60.6359820,56.8245526
60.6367628,56.8221777
60.6454937,56.8232887
60.6390108,56.8181956
60.6463051,56.8195417
60.6438805,56.8246893
60.6445636,56.8215432
60.6466125,56.8241009
60.6426903,56.8257279
60.6470652,56.8197583
60.6485813,56.8196660
60.6447685,56.8205934
60.6464304,56.8185103
60.6465921,56.8236923
60.6362472,56.8207253
60.6365030,56.8180511
60.6697022,56.8219636
60.6619922,56.8229055
60.6672391,56.8244490
60.6581251,56.8210723
60.6607885,56.8235160
60.6621092,56.8225757
60.6606266,56.8255284
60.6611083,56.8269200
60.6687991,56.8199689
60.6628644,56.8202416
60.6649434,56.8222551
60.6623323,56.8229946
60.6702140,56.8227710
60.6705603,56.8226815
60.6608411,56.8197388
60.6612911,56.8202868
60.6713521,56.8214346
60.6609473,56.8228804
60.6578096,56.8234000
60.6636364,56.8200037
60.6631205,56.8380388
60.6628222,56.8336293
60.6657668,56.8399810
60.6629578,56.8382707
60.6617401,56.8370302
60.6602893,56.8377350
60.6644150,56.8396789
60.6594522,56.8357328
60.6649693,56.8322988
60.6724389,56.8357921
60.6650921,56.8376749
60.6590119,56.8355577
60.6621976,56.8351507
60.6613155,56.8366922
60.6586658,56.8344714
60.6597209,56.8362183
60.6719001,56.8389861
60.6674021,56.8400788
60.6649250,56.8349139
60.6603894,56.8356898
60.6517905,56.8137904
60.6475064,56.8152153
60.6494762,56.8111157
60.6497215,56.8183487
60.6540882,56.8125965
60.6517424,56.8140775
60.6557894,56.8146151
60.6539579,56.8151678
60.6520549,56.8120155
60.6579775,56.8137193
60.6483020,56.8160433
60.6495131,56.8148504
60.6445104,56.8166454
60.6533162,56.8157331
60.6514009,56.8182039
60.6516067,56.8107411
60.6537958,56.8146828
60.6512469,56.8169188
60.6521706,56.8118521
60.6446154,56.8120890
60.5006160,56.7939772
60.5035679,56.7919080
60.5026750,56.7944869
60.5036895,56.7911396
60.4965225,56.7907146
60.4997580,56.7940513
60.4975980,56.7947127
60.4954169,56.7971139
60.4958462,56.7897284
60.4943074,56.7944843
60.4944150,56.7950322
60.4962937,56.7947800
60.5000564,56.7916187
60.4909364,56.7920343
60.4982279,56.7952849
60.5039592,56.7956120
60.4935822,56.7924354
60.4946279,56.7897103
60.5018545,56.7918948
60.4936888,56.7925918
60.5044361,56.8302927
60.5061750,56.8280738
60.5000717,56.8247467
60.4995404,56.8287188
60.5056645,56.8297481
60.5040846,56.8292343
60.5013428,56.8260210
60.5001954,56.8286767
60.5048510,56.8227632
60.5067367,56.8224732
60.5087847,56.8253032
60.4985976,56.8274679
60.5129680,56.8275107
60.5081668,56.8240071
60.5132850,56.8264901
60.5028433,56.8278657
60.5118353,56.8280964
60.5066487,56.8299264
60.5070098,56.8293879
60.5068350,56.8233448
60.4875856,56.8065440
60.4937140,56.8047990
60.4928026,56.8044717
60.4869452,56.8046419
60.4896668,56.8052996
60.4854328,56.8028448
60.4868576,56.8014488
60.4837640,56.8067081
60.4805091,56.8084245
60.4791672,56.8060683
60.4858081,56.8101383
60.4913369,56.8077552
60.4908645,56.8054016
60.4879914,56.8054980
60.4889746,56.8040908
60.4859844,56.8062019
60.4800901,56.8075707
60.4896483,56.8029332
60.4816924,56.8068509
60.4861986,56.8078489
60.5257951,56.8158781
60.5166808,56.8176229
60.5145854,56.8187656
60.5239418,56.8165395
60.5250533,56.8179936
60.5232404,56.8179849
60.5208967,56.8228615
60.5223133,56.8227075
60.5173321,56.8231893
60.5224643,56.8233182
60.5222194,56.8218151
60.5165793,56.8184814
60.5195716,56.8235609
60.5172655,56.8178904
60.5284996,56.8194847
60.5171765,56.8181939
60.5240174,56.8201395
60.5182870,56.8166756
60.5168970,56.8195844
60.5179000,56.8224374
60.6780548,56.8687123
60.6736754,56.8659032
60.6673506,56.8672785
60.6640400,56.8672289
60.6770641,56.8674250
60.6674573,56.8683825
60.6643207,56.8676817
60.6631821,56.8686446
60.6687103,56.8693188
60.6702055,56.8723784
60.6714885,56.8656938
60.6726545,56.8736184
60.6757279,56.8684392
60.6724582,56.8682802
60.6775830,56.8678447
60.6738676,56.8669395
60.6760692,56.8666276
60.6723184,56.8678020
60.6709020,56.8665194
60.6754854,56.8689536
60.6645943,56.8638283
60.6738919,56.8587207
60.6629590,56.8632680
60.6634952,56.8626777
60.6620388,56.8580526
60.6635150,56.8596356
60.6641072,56.8582937
60.6694958,56.8618106
60.6674840,56.8646315
60.6619402,56.8626743
60.6749114,56.8602844
60.6592283,56.8595433
60.6640422,56.8633720
60.6701454,56.8577825
60.6698377,56.8622553
60.6622754,56.8586966
60.6683343,56.8646229
60.6653718,56.8597625
60.6648029,56.8611134
60.6660982,56.8604792
60.6579934,56.8773442
60.6580986,56.8829554
60.6610709,56.8765168
60.6592486,56.8785385
60.6625171,56.8833857
60.6630582,56.8782013
60.6654312,56.8774688
60.6613529,56.8834892
60.6633288,56.8789955
60.6583492,56.8810748
60.6636788,56.8779095
60.6597018,56.8766126
60.6648333,56.8780573
60.6605416,56.8756341
60.6562594,56.8773923
60.6620321,56.8822744
60.6668592,56.8769375
60.6672547,56.8785490
60.6601679,56.8773009
60.6585201,56.8760620
60.6587368,56.8924627
60.6480001,56.8894104
60.6482374,56.8896676
60.6485846,56.8880115
60.6527491,56.8941182
60.6531625,56.8920508
60.6524858,56.8934796
60.6498534,56.8900102
60.6459934,56.8905613
60.6448220,56.8901046
60.6475419,56.8928323
60.6584144,56.8893495
60.6500654,56.8869669
60.6515761,56.8884065
60.6480203,56.8928438
60.6568378,56.8923112
60.6459292,56.8899061
60.6478071,56.8920703
60.6535162,56.8940720
60.6465816,56.8927865
60.6706905,56.8867000
60.6760150,56.8836009
60.6703902,56.8812990
60.6799813,56.8854383
60.6805329,56.8862411
60.6757821,56.8805305
60.6740878,56.8840622
60.6722691,56.8817434
60.6820172,56.8848168
60.6791069,56.8860083
60.6737391,56.8871815
60.6836051,56.8828898
60.6809512,56.8864442
60.6830793,56.8837852
60.6747080,56.8847750
60.6687492,56.8827185
60.6792748,56.8816586
60.6689398,56.8848440
60.6753563,56.8823144
60.6681124,56.8850915
60.6830286,56.8769817
60.6774400,56.8776264
60.6828402,56.8747444
60.6789111,56.8778443
60.6830530,56.8811380
60.6825413,56.8790400
60.6823924,56.8765178
60.6864731,56.8743872
60.6806645,56.8748555
60.6782899,56.8795342
60.6867340,56.8799137
60.6802456,56.8805510
60.6796931,56.8753992
60.6777019,56.8781970
60.6854062,56.8756058
60.6911919,56.8776760
60.6784876,56.8770373
60.6805012,56.8768529
60.6806453,56.8745507
60.6884854,56.8770274
60.7300510,56.8886386
60.7323129,56.8879080
60.7339523,56.8875880
60.7195995,56.8874894
60.7290086,56.8842854
60.7302155,56.8908294
60.7196509,56.8898577
60.7248998,56.8889489
60.7200314,56.8896314
60.7233946,56.8908537
60.7201084,56.8891762
60.7300158,56.8905356
60.7249307,56.8841497
60.7184499,56.8873809
60.7258844,56.8888154
60.7261744,56.8905308
60.7262461,56.8888709
60.7203263,56.8855183
60.7322977,56.8902470
60.7310297,56.8850423
60.7150979,56.8837556
60.7126001,56.8822873
60.7137349,56.8794150
60.7260055,56.8785050
60.7144870,56.8817232
60.7260191,56.8788956
60.7140781,56.8835501
60.7249743,56.8834950
60.7180999,56.8777363
60.7237404,56.8806637
60.7229968,56.8769133
60.7170715,56.8773484
60.7203481,56.8777564
60.7262480,56.8777670
60.7232768,56.8769588
60.7189433,56.8806808
60.7235504,56.8823089
60.7145237,56.8835427
60.7206886,56.8793435
60.7177809,56.8788438
60.7446368,56.8993924
60.7414857,56.8960592
60.7530868,56.8942033
60.7490212,56.8959300
60.7392208,56.8942093
60.7521769,56.8939050
60.7464859,56.8955473
60.7430047,56.8965127
60.7516101,56.8971512
60.7417211,56.8924581
60.7394069,56.8955632
60.7512148,56.8930314
60.7526168,56.8954133
60.7432399,56.8985266
60.7438214,56.8973640
60.7468103,56.8925853
60.7447140,56.8920989
60.7480861,56.8967977
60.7388615,56.8940839
60.7443919,56.8992745
60.7726760,56.9017978
60.7862515,56.9028303
60.7764312,56.9007064
60.7765886,56.9060941
60.7718227,56.9034817
60.7824396,56.9070323
60.7842160,56.9053515
60.7864367,56.9051413
60.7832971,56.9027027
60.7788750,56.9035141
60.7720559,56.9036733
60.7810267,56.9048197
60.7790776,56.9006859
60.7791478,56.9068779
60.7781103,56.9061503
60.7846428,56.9050343
60.7824969,56.9051199
60.7819248,56.9077335
60.7836563,56.9014660
60.7748601,56.9041845
60.8144444,56.9067154
60.8067430,56.9084893
60.8051134,56.9034532
60.8147626,56.9084112
60.8115234,56.9063618
60.8124613,56.9031819
60.8074833,56.9050823
60.8045258,56.9023378
60.8029931,56.9045751
60.8126000,56.9036017
60.8078899,56.9082658
60.8155202,56.9047105
60.8125828,56.9091471
60.8031941,56.9063792
60.8143584,56.9029284
60.8079680,56.9014875
60.8122622,56.9087701
60.8094101,56.9062292
60.8169977,56.9054238
60.8080224,56.9093972
60.7992253,56.8986279
60.8026546,56.9001272
60.8016153,56.8959257
60.8082443,56.8966240
60.8062812,56.8966081
60.8102968,56.9007916
60.8058841,56.9004934
60.8024247,56.8956115
60.8021475,56.9002452
60.8088156,56.8971134
60.8132407,56.8955992
60.8128396,56.8975135
60.8010028,56.8948597
60.8054275,56.8944600
60.8081376,56.8929933
60.8067965,56.8968139
60.8143976,56.8967510
60.8092167,56.8999099
60.8015978,56.8988015
60.8049618,56.8957500
60.7950877,56.8910536
60.8037999,56.8901772
60.8046578,56.8940409
60.7961340,56.8936552
60.7925029,56.8914254
60.8022911,56.8931848
60.7956621,56.8899320
60.8059966,56.8903699
60.8024306,56.8935037
60.7954792,56.8935365
60.7980174,56.8891453
60.7989314,56.8940837
60.7959150,56.8955545
60.7955429,56.8928475
60.8017754,56.8945535
60.7944869,56.8939919
60.7954335,56.8926480
60.8071705,56.8904106
60.7940049,56.8943134
60.8058753,56.8901341
60.7888772,56.9222636
60.7826770,56.9257424
60.7808266,56.9182936
60.7930260,56.9233431
60.7932369,56.9229314
60.7877456,56.9225481
60.7808881,56.9203101
60.7922291,56.9233791
60.7906544,56.9223840
60.7877587,56.9233298
60.7912348,56.9193878
60.7847534,56.9254901
60.7888266,56.9250340
60.7849864,56.9186382
60.7816121,56.9218024
60.7836934,56.9211487
60.7797057,56.9228184
60.7860001,56.9243698
60.7857467,56.9245017
60.7825799,56.9183108
60.7997309,56.9185368
60.7881597,56.9164328
60.7899646,56.9166665
60.7941589,56.9141652
60.7987244,56.9158347
60.7961534,56.9192591
60.7868151,56.9171665
60.8007233,56.9156115
60.8002924,56.9142652
60.7955631,56.9180471
60.7912287,56.9127519
60.7922867,56.9122423
60.7872541,56.9152712
60.7943002,56.9154600
60.8001042,56.9189427
60.7951058,56.9155078
60.7967795,56.9128842
60.7901531,56.9185817
60.7909244,56.9119151
60.7944278,56.9164096
60.8213304,56.9240935
60.8157967,56.9196191
60.8114304,56.9208420
60.8138297,56.9197359
60.8145740,56.9218179
60.8135444,56.9219946
60.8108825,56.9204813
60.8212768,56.9186728
60.8203528,56.9206878
60.8110569,56.9192167
60.8080457,56.9205808
60.8092258,56.9190478
60.8128933,56.9239823
60.8224632,56.9229855
60.8204814,56.9232419
60.8202632,56.9227076
60.8206140,56.9187692
60.8099851,56.9214147
60.8085468,56.9208934
60.8219933,56.9208912
60.8315521,56.8929699
60.8228909,56.8981574
60.8294712,56.8924381
60.8349332,56.8933870
60.8272232,56.8949143
60.8277060,56.8951854
60.8325263,56.8967345
60.8314024,56.8924047
60.8351306,56.8952801
60.8297621,56.8984819
60.8240254,56.8978856
60.8334956,56.8925183
60.8359826,56.8972588
60.8275100,56.8930608
60.8315312,56.8966863
60.8332815,56.8948594
60.8256264,56.8974760
60.8249935,56.8987850
60.8230563,56.8953495
60.8319380,56.8957230
60.5984764,56.7568782
60.5954051,56.7603818
60.5979019,56.7596905
60.5987672,56.7596249
60.5905339,56.7595387
60.5944303,56.7537842
60.5905764,56.7548588
60.5990647,56.7541677
60.6019219,56.7576533
60.5937690,56.7583813
60.5940991,56.7583684
60.5951391,56.7548018
60.5956548,56.7543874
60.6008203,56.7590617
60.6017213,56.7609933
60.5935835,56.7578825
60.5991686,56.7591816
60.6012982,56.7575303
60.5890805,56.7569283
60.6026808,56.7592791
60.6107013,56.7744785
60.6018258,56.7742413
60.6087777,56.7691103
60.6080140,56.7748501
60.6068415,56.7743854
60.6077125,56.7696514
60.6045949,56.7682061
60.6112437,56.7731642
60.6033836,56.7709488
60.6082781,56.7704274
60.6067780,56.7683605
60.6122354,56.7739367
60.6061297,56.7712650
60.6043337,56.7743789
60.6125299,56.7702750
60.6099696,56.7685505
60.6045862,56.7730651
60.6111732,56.7703120
60.6013399,56.7719423
60.6039737,56.7721177
60.5920664,56.7657261
60.5889174,56.7699963
60.5851410,56.7699480
60.5910177,56.7666360
60.5850974,56.7679325
60.5794393,56.7701121
60.5903707,56.7688386
60.5914353,56.7670556
60.5839156,56.7712705
60.5930199,56.7686829
60.5832795,56.7648822
60.5860115,56.7667350
60.5888373,56.7714116
60.5796564,56.7658087
60.5900202,56.7713405
60.5895505,56.7655581
60.5847781,56.7637654
60.5809941,56.7649932
60.5837103,56.7671073
60.5862838,56.7694214
60.5521536,56.7677941
60.5627374,56.7664655
60.5530635,56.7693163
60.5537991,56.7644650
60.5611478,56.7666808
60.5568094,56.7666987
60.5632374,56.7655431
60.5526418,56.7620934
60.5582350,56.7635781
60.5594330,56.7647769
60.5622580,56.7676584
60.5613634,56.7629019
60.5651149,56.7662297
60.5547522,56.7678776
60.5606650,56.7675806
60.5496174,56.7669962
60.5619845,56.7638935
60.5595274,56.7636609
60.5566257,56.7691155
60.5554599,56.7660338
60.5251295,56.7753545
60.5258323,56.7756353
60.5250770,56.7803438
60.5282297,56.7797977
60.5238220,56.7800442
60.5282290,56.7756812
60.5275723,56.7758610
60.5210533,56.7740024
60.5190332,56.7758391
60.5196307,56.7788644
60.5280548,56.7801121
60.5261597,56.7744857
60.5290958,56.7784433
60.5267613,56.7779698
60.5255872,56.7799046
60.5278226,56.7787569
60.5166323,56.7805442
60.5155111,56.7777787
60.5266903,56.7774101
60.5231774,56.7780640
60.7063087,56.7507021
60.7054261,56.7509714
60.7081017,56.7487557
60.7039607,56.7496180
60.6996767,56.7522062
60.7063713,56.7529400
60.6970461,56.7514729
60.6997024,56.7502955
60.6974456,56.7496207
60.7039343,56.7477643
60.7027259,56.7550795
60.7054244,56.7556705
60.7004737,56.7488515
60.7084321,56.7554338
60.7015917,56.7539771
60.7003466,56.7482439
60.7038356,56.7554843
60.7011619,56.7528599
60.7068870,56.7519139
60.7101149,56.7517754
60.6983675,56.7402567
60.7054058,56.7425117
60.7023716,56.7469488
60.6933051,56.7458358
60.7041323,56.7474818
60.7068912,56.7443099
60.6969501,56.7420168
60.7037172,56.7445300
60.6979991,56.7473660
60.6993340,56.7446408
60.6974943,56.7478156
60.7072809,56.7430700
60.6992702,56.7422160
60.7058128,56.7406774
60.6938530,56.7442563
60.7056707,56.7459829
60.6991534,56.7458965
60.7014490,56.7459807
60.6951617,56.7457709
60.7028543,56.7476292
60.6826933,56.7464435
60.6814626,56.7466176
60.6700937,56.7471664
60.6816232,56.7463674
60.6805864,56.7436878
60.6785704,56.7491552
60.6766399,56.7494260
60.6753738,56.7476921
60.6736993,56.7494522
60.6763200,56.7494821
60.6676592,56.7458507
60.6740547,56.7468422
60.6805091,56.7493584
60.6822895,56.7474783
60.6778276,56.7458547
60.6786010,56.7464134
60.6813274,56.7440216
60.6767951,56.7497833
60.6785230,56.7439443
60.6709361,56.7426145
60.7417662,56.7629821
60.7462800,56.7562461
60.7494109,56.7597903
60.7503290,56.7599794
60.7440916,56.7612344
60.7419735,56.7613342
60.7460118,56.7564081
60.7421153,56.7618913
60.7439567,56.7636102
60.7431802,56.7619136
60.7427044,56.7571452
60.7382006,56.7630068
60.7379837,56.7628953
60.7439424,56.7567065
60.7456333,56.7597873
60.7458773,56.7576792
60.7400639,56.7576258
60.7369657,56.7608289
60.7412907,56.7631146
60.7490181,56.7614643
60.7184415,56.7598710
60.7217214,56.7609733
60.7228779,56.7618102
60.7181102,56.7627018
60.7245359,56.7609464
60.7150568,56.7668584
60.7259136,56.7652980
60.7212863,56.7605100
60.7121481,56.7607269
60.7193986,56.7674563
60.7161173,56.7638110
60.7167891,56.7621877
60.7128713,56.7608790
60.7215628,56.7659896
60.7163759,56.7671317
60.7230041,56.7596368
60.7126022,56.7638431
60.7214568,56.7666330
60.7178137,56.7655734
60.7244573,56.7648711
60.7307883,56.8073303
60.7380256,56.8020914
60.7361368,56.8051149
60.7321904,56.8068419
60.7317233,56.8055258
60.7302428,56.8007007
60.7347793,56.8033174
60.7260911,56.8029987
60.7302115,56.8001303
60.7335158,56.8005525
60.7332778,56.8037466
60.7239692,56.8033939
60.7380326,56.8025516
60.7299459,56.8063552
60.7388889,56.8017741
60.7382857,56.8014235
60.7341423,56.8071922
60.7256395,56.8063286
60.7349277,56.8075143
60.7351401,56.8044232
60.7344223,56.7995291
60.7359143,56.7927426
60.7301662,56.7988698
60.7339158,56.7946239
60.7386429,56.7969847
60.7318590,56.7986916
60.7374320,56.7989067
60.7376843,56.7997765
60.7327794,56.7939416
60.7354251,56.7928946
60.7430818,56.7969169
60.7376901,56.7970296
60.7294590,56.7988779
60.7365438,56.8004334
60.7353918,56.7992323
60.7337234,56.7967200
60.7393969,56.7941636
60.7391383,56.7992009
60.7295815,56.7979819
60.7326732,56.7986821
60.7432752,56.7809018
60.7416743,56.7838726
60.7413953,56.7823961
60.7398250,56.7816329
60.7469735,56.7795450
60.7361462,56.7809511
60.7445502,56.7843771
60.7382047,56.7830375
60.7468103,56.7817766
60.7389972,56.7843820
60.7485356,56.7799582
60.7469278,56.7840542
60.7416788,56.7825538
60.7456082,56.7779493
60.7492314,56.7831142
60.7425543,56.7791837
60.7479355,56.7813566
60.7395516,56.7821171
60.7501645,56.7797835
60.7428018,56.7800656
60.7641866,56.7894403
60.7728424,56.7893558
60.7628469,56.7891210
60.7642705,56.7937767
60.7733548,56.7915174
60.7665445,56.7936329
60.7709187,56.7863101
60.7699266,56.7885015
60.7712552,56.7922150
60.7640406,56.7869650
60.7738187,56.7925138
60.7719737,56.7933445
60.7624512,56.7923988
60.7649318,56.7867953
60.7716579,56.7894273
60.7714797,56.7945619
60.7635302,56.7920909
60.7714199,56.7876668
60.7751588,56.7889926
60.7697873,56.7915820
60.7837866,56.7828545
60.7796946,56.7786203
60.7841612,56.7808509
60.7826093,56.7795038
60.7785344,56.7804879
60.7752303,56.7838090
60.7802557,56.7769525
60.7829778,56.7838557
60.7800147,56.7791454
60.7830655,56.7784170
60.7725918,56.7805036
60.7816929,56.7809901
60.7783897,56.7773358
60.7796811,56.7820346
60.7778579,56.7812119
60.7823166,56.7774381
60.7728410,56.7817994
60.7748860,56.7843592
60.7827211,56.7779230
60.7741834,56.7787969
60.7680678,56.7697958
60.7725159,56.7688404
60.7750410,56.7699609
60.7690777,56.7680931
60.7737997,56.7704476
60.7609998,56.7740553
60.7638825,56.7750161
60.7611907,56.7725376
60.7722516,56.7700720
60.7629912,56.7731094
60.7683874,56.7705054
60.7614553,56.7718454
60.7714735,56.7750441
60.7736640,56.7726145
60.7687628,56.7768297
60.7646562,56.7693005
60.7740584,56.7702178
60.7633673,56.7704280
60.7661546,56.7762196
60.7759876,56.7712106
60.7472820,56.7944464
60.7426811,56.7976313
60.7545522,56.8005880
60.7515163,56.7961396
60.7550223,56.7967390
60.7471172,56.7974694
60.7546948,56.8001422
60.7533855,56.7950720
60.7440490,56.7991614
60.7550530,56.7999871
60.7447532,56.8001362
60.7463457,56.8006138
60.7547413,56.7961274
60.7528308,56.7969557
60.7567037,56.8001947
60.7553817,56.7957410
60.7463516,56.7961218
60.7457999,56.7974799
60.7564628,56.7956553
60.7531927,56.7969921
60.6457736,56.7879579
60.6501938,56.7852384
60.6450452,56.7824157
60.6425065,56.7812504
60.6522006,56.7869256
60.6448630,56.7841021
60.6412811,56.7845224
60.6471427,56.7881327
60.6398106,56.7862468
60.6411973,56.7860204
60.6459915,56.7871088
60.6400803,56.7834120
60.6475458,56.7887726
60.6446039,56.7852574
60.6517005,56.7822074
60.6441570,56.7844812
60.6453398,56.7827548
60.6478760,56.7813835
60.6407235,56.7859912
60.6460066,56.7840223
60.6391973,56.7749402
60.6323104,56.7779876
60.6337569,56.7727427
60.6324658,56.7784342
60.6379995,56.7792979
60.6304295,56.7739749
60.6378632,56.7712754
60.6338424,56.7738947
60.6414013,56.7738183
60.6350644,56.7768223
60.6423773,56.7754148
60.6395370,56.7783722
60.6298096,56.7758499
60.6386693,56.7745047
60.6356100,56.7779796
60.6343676,56.7748187
60.6300593,56.7757665
60.6384539,56.7736257
60.6380579,56.7748515
60.6408946,56.7724290
60.6341831,56.7672316
60.6355349,56.7708698
60.6230245,56.7664196
60.6250072,56.7674250
60.6324101,56.7724637
60.6316895,56.7699050
60.6340987,56.7711216
60.6287948,56.7716473
60.6264303,56.7706856
60.6244898,56.7699210
60.6360143,56.7669876
60.6306195,56.7693610
60.6264230,56.7652350
60.6255016,56.7688867
60.6356216,56.7688985
60.6288787,56.7669936
60.6230597,56.7685184
60.6260046,56.7701564
60.6274367,56.7684011
60.6264060,56.7692790
60.6777993,56.7797702
60.6727017,56.7855830
60.6713762,56.7777148
60.6791629,56.7824055
60.6778792,56.7806326
60.6754283,56.7833699
60.6645707,56.7807159
60.6749516,56.7853486
60.6670105,56.7816989
60.6737492,56.7822595
60.6687931,56.7833628
60.6735755,56.7851273
60.6754191,56.7847444
60.6728988,56.7834655
60.6669941,56.7795850
60.6777692,56.7811814
60.6709202,56.7834825
60.6744219,56.7848107
60.6687439,56.7795481
60.6651019,56.7814001
60.6249503,56.7575287
60.6270340,56.7573517
60.6178088,56.7572146
60.6180531,56.7608000
60.6245201,56.7599054
60.6201648,56.7563696
60.6185564,56.7602625
60.6158836,56.7567353
60.6244755,56.7607447
60.6251905,56.7587326
60.6295011,56.7558550
60.6216386,56.7605931
60.6217423,56.7562326
60.6266965,56.7595340
60.6263740,56.7539231
60.6204802,56.7541157
60.6252157,56.7552628
60.6256480,56.7564726
60.6255218,56.7608882
60.6217123,56.7588159
60.6193669,56.7526424
60.6074376,56.7529881
60.6142764,56.7484773
60.6144247,56.7548917
60.6190900,56.7501769
60.6086697,56.7486053
60.6055482,56.7510432
60.6139201,56.7523882
60.6082485,56.7530407
60.6110304,56.7539746
60.6172759,56.7516026
60.6099358,56.7531304
60.6145492,56.7510766
60.6169686,56.7474159
60.6157746,56.7535228
60.6192439,56.7503581
60.6201282,56.7511415
60.6104400,56.7512852
60.6198450,56.7491529
60.6172837,56.7550587
60.6087228,56.7431871
60.6042613,56.7438837
60.6062080,56.7426225
60.6044508,56.7464648
60.6113035,56.7472089
60.6061577,56.7454847
60.6031151,56.7420059
60.6042042,56.7471895
60.6085066,56.7402824
60.6065549,56.7449919
60.6060432,56.7451019
60.6041089,56.7434561
60.6024980,56.7422770
60.6078930,56.7489023
60.6088581,56.7425077
60.6065539,56.7463742
60.6084238,56.7446768
60.6134164,56.7429980
60.6146996,56.7464494
60.6030111,56.7420169
60.5676992,56.7525087
60.5613252,56.7504707
60.5594541,56.7544798
60.5679388,56.7515436
60.5603256,56.7484979
60.5633262,56.7533849
60.5718984,56.7523418
60.5676093,56.7534508
60.5685885,56.7512477
60.5720173,56.7509737
60.5633885,56.7489661
60.5642178,56.7518012
60.5681849,56.7487893
60.5631999,56.7476442
60.5657296,56.7562133
60.5674760,56.7538808
60.5622002,56.7525214
60.5661125,56.7561237
60.5603153,56.7551316
60.5572764,56.7531023
60.5475861,56.7571743
60.5385378,56.7586288
60.5433748,56.7613374
60.5440246,56.7564534
60.5367699,56.7573804
60.5441814,56.7555191
60.5432520,56.7590011
60.5410000,56.7549190
60.5332024,56.7587318
60.5485481,56.7583700
60.5449892,56.7604980
60.5480802,56.7581345
60.5421245,56.7559008
60.5478393,56.7605575
60.5398389,56.7623521
60.5391503,56.7567754
60.5385630,56.7616511
60.5357933,56.7581938
60.5463555,56.7592131
60.5398548,56.7563054
60.4678034,56.7857222
60.4739695,56.7895116
60.4662283,56.7902472
60.4697766,56.7848458
60.4715085,56.7897449
60.4746172,56.7898070
60.4752774,56.7921008
60.4788223,56.7913284
60.4678316,56.7896858
60.4766571,56.7865731
60.4706517,56.7878519
60.4779895,56.7865304
60.4719380,56.7862390
60.4742792,56.7862494
60.4728716,56.7890335
60.4673245,56.7894244
60.4783508,56.7899067
60.4755464,56.7859924
60.4675994,56.7908515
60.4680238,56.7852360
60.6873687,56.8364994
60.6863260,56.8304665
60.6882519,56.8299074
60.6908255,56.8302116
60.6890144,56.8347430
60.6779284,56.8327485
60.6829960,56.8372993
60.6789904,56.8324688
60.6929114,56.8319240
60.6785775,56.8332975
60.6902362,56.8360811
60.6802159,56.8332277
60.6872223,56.8326625
60.6880714,56.8343789
60.6814967,56.8360452
60.6855160,56.8342698
60.6904737,56.8338404
60.6869632,56.8372205
60.6802596,56.8342371
60.6858931,56.8314430
60.6960917,56.8022605
60.6918038,56.7984167
60.7008052,56.8023215
60.7019342,56.8032343
60.7049135,56.7984929
60.6966323,56.7956257
60.6992357,56.8039481
60.6953997,56.7959805
60.6989266,56.7994441
60.7002484,56.8040349
60.6984310,56.7962121
60.6959849,56.8013399
60.6991528,56.8026831
60.6960652,56.8030786
60.7007766,56.8016344
60.6963298,56.7998881
60.6933825,56.8013403
60.7048411,56.7972073
60.6954398,56.7983820
60.7019298,56.8009991
60.6679773,56.8105547
60.6665995,56.8133429
60.6749172,56.8138008
60.6713492,56.8111631
60.6748643,56.8173880
60.6664854,56.8156353
60.6807015,56.8127101
60.6711583,56.8110795
60.6706959,56.8119260
60.6713025,56.8163986
60.6798091,56.8149273
60.6746092,56.8093672
60.6757865,56.8116730
60.6756994,56.8172003
60.6674718,56.8161998
60.6738889,56.8115578
60.6797916,56.8144100
60.6723990,56.8114912
60.6771629,56.8144737
60.6655600,56.8145329
60.7032043,56.7915885
60.6999165,56.7896534
60.7116909,56.7899479
60.7001617,56.7874707
60.7063121,56.7886884
60.7019177,56.7901416
60.7046084,56.7872192
60.7006568,56.7896111
60.7084089,56.7930180
60.7114068,56.7853558
60.7079039,56.7911292
60.7143269,56.7866826
60.7046751,56.7930897
60.7079634,56.7898575
60.7124745,56.7902162
60.7030506,56.7877963
60.7012292,56.7908574
60.7141726,56.7918587
60.7091934,56.7913396
60.7107671,56.7926271
60.6697926,56.7999556
60.6747972,56.7952632
60.6668027,56.7943791
60.6708001,56.7983448
60.6803397,56.7968014
60.6731875,56.7968420
60.6728296,56.7929795
60.6741913,56.7934097
60.6731875,56.7964166
60.6715503,56.8013241
60.6750425,56.7941708
60.6807535,56.7971566
60.6731606,56.8007834
60.6719637,56.7965266
60.6715212,56.7998209
60.6806129,56.7962883
60.6727401,56.7959491
60.6784115,56.7944154
60.6683993,56.7991002
60.6719355,56.7966288
60.7037448,56.8232891
60.6926697,56.8204719
60.7055652,56.8207392
60.7009233,56.8217957
60.6988386,56.8240230
60.6935144,56.8235894
60.7025029,56.8184314
60.6977362,56.8174885
60.6988005,56.8226477
60.6939252,56.8181961
60.7020137,56.8203626
60.6945256,56.8189418
60.7022673,56.8173393
60.6933758,56.8197628
60.6919827,56.8211642
60.6917565,56.8178611
60.7022714,56.8178740
60.6940571,56.8175946
60.7043429,56.8191242
60.6915408,56.8208346